monto,id_tienda,a√±o,mes,dia
809,11,2019,11,26
468,8,2019,3,26
201,1,2020,6,23
622,8,2019,1,13
667,1,2019,7,10
356,8,2019,12,28
490,6,2020,9,13
792,4,2019,7,23
630,7,2020,11,16
194,9,2020,2,3
819,12,2019,12,12
223,7,2019,4,28
625,6,2020,2,13
331,3,2020,10,12
905,10,2020,12,7
742,12,2020,5,18
472,1,2020,2,27
888,4,2020,1,26
603,1,2019,7,5
875,1,2020,9,1
725,7,2020,11,21
134,1,2019,1,28
252,9,2019,5,20
699,1,2020,6,26
897,4,2019,2,26
199,7,2019,6,17
641,4,2019,10,20
311,11,2020,12,19
913,4,2020,3,14
97,5,2020,9,10
633,6,2019,4,9
102,10,2019,2,27
634,3,2020,2,29
197,8,2020,9,11
201,4,2020,9,22
393,4,2019,1,18
252,1,2020,2,7
652,2,2019,9,21
452,7,2019,3,2
591,12,2020,7,13
115,2,2020,11,15
356,1,2020,7,24
162,11,2020,5,28
392,3,2020,12,19
297,12,2019,8,8
642,11,2020,11,12
521,12,2019,12,17
258,4,2020,6,27
843,11,2019,4,21
396,10,2020,7,5
288,12,2020,10,18
259,8,2020,5,5
250,4,2020,11,7
913,7,2019,3,22
288,3,2019,6,2
125,12,2020,3,25
795,12,2020,8,19
351,12,2020,5,6
729,12,2020,9,7
176,5,2020,10,10
128,5,2019,8,19
879,10,2019,6,19
349,5,2019,11,22
466,8,2020,6,8
901,10,2020,6,22
935,4,2019,9,23
175,3,2019,4,14
170,7,2020,3,19
687,2,2019,11,18
482,10,2019,8,11
929,7,2020,7,25
164,10,2020,7,3
661,1,2019,1,1
367,7,2020,7,2
903,11,2020,1,4
391,7,2019,11,3
344,3,2020,4,16
230,12,2019,2,13
404,3,2019,3,11
382,8,2020,12,9
692,2,2019,7,10
256,2,2020,4,6
640,12,2020,11,24
701,5,2019,1,25
717,4,2020,8,6
621,4,2019,5,26
705,6,2019,4,21
575,4,2019,2,14
397,1,2019,3,30
786,2,2019,6,22
853,10,2020,5,9
101,9,2019,7,23
212,1,2019,3,23
752,11,2020,12,3
434,11,2019,9,23
156,2,2019,2,10
401,3,2019,1,11
144,2,2019,5,26
829,1,2020,3,13
836,9,2019,2,16
193,7,2019,6,24
847,11,2020,2,15
95,6,2020,10,15
178,8,2019,9,21
877,3,2020,11,15
855,1,2019,5,24
899,9,2019,5,20
93,4,2020,6,4
535,8,2019,8,21
812,6,2019,8,27
856,3,2019,8,29
452,9,2020,9,28
391,11,2019,12,20
104,5,2019,1,3
733,10,2019,1,14
281,2,2020,5,30
519,6,2019,9,8
867,2,2020,5,12
90,6,2020,6,21
338,8,2020,6,17
578,6,2020,3,26
726,5,2019,6,16
906,3,2019,7,5
177,2,2019,10,24
218,7,2019,5,18
700,8,2019,1,14
576,8,2020,4,5
720,11,2020,10,16
771,9,2020,10,24
895,9,2020,3,10
125,9,2019,2,21
156,11,2020,7,1
881,2,2019,9,4
259,5,2019,8,29
449,2,2020,10,7
80,8,2020,3,2
512,12,2020,3,10
203,5,2020,4,28
571,5,2020,7,1
861,4,2019,11,7
985,9,2019,2,11
654,12,2019,9,17
280,7,2020,7,2
739,7,2020,6,14
727,6,2019,1,27
387,4,2020,8,16
718,11,2020,11,25
444,7,2019,4,29
448,3,2019,9,26
174,8,2019,9,30
982,5,2020,9,2
802,4,2019,11,10
153,8,2019,3,7
703,11,2020,12,7
267,5,2019,6,16
253,5,2019,6,27
213,9,2020,5,27
826,10,2020,2,20
282,9,2019,5,7
130,7,2020,6,24
675,11,2019,9,24
810,10,2020,3,30
654,9,2019,1,25
229,10,2020,4,22
575,3,2020,6,13
317,7,2019,10,27
179,1,2019,11,12
240,6,2020,12,13
346,12,2019,12,28
591,8,2020,9,28
701,2,2020,3,2
382,10,2020,4,5
423,10,2019,9,27
698,7,2020,8,3
583,8,2019,5,19
267,11,2019,1,28
503,12,2020,4,7
643,2,2019,3,3
545,6,2020,6,12
98,9,2019,2,7
182,10,2020,9,19
184,2,2019,8,21
289,5,2019,2,30
533,1,2020,2,13
475,12,2020,3,28
571,3,2019,10,20
98,10,2019,9,22
501,9,2020,7,7
277,3,2020,2,20
753,5,2019,4,12
361,8,2019,1,14
536,6,2019,7,23
493,5,2019,7,14
296,5,2019,9,26
434,11,2019,3,15
851,10,2019,2,13
666,1,2019,12,15
531,10,2020,5,12
634,2,2019,7,9
243,2,2019,6,25
100,7,2020,8,30
86,6,2019,1,26
862,12,2019,1,26
605,11,2020,12,26
243,2,2019,3,20
660,6,2019,7,12
142,11,2019,5,29
310,3,2019,5,4
90,3,2019,1,11
116,4,2019,1,28
543,11,2020,6,1
574,1,2020,2,14
155,12,2020,10,5
813,10,2020,8,11
963,10,2020,11,8
817,7,2020,10,15
507,2,2020,9,4
972,2,2019,9,16
712,6,2019,11,10
480,1,2020,10,13
876,7,2019,6,25
194,8,2019,2,23
374,7,2019,6,9
256,8,2019,12,25
231,1,2020,12,6
367,9,2020,3,30
512,12,2019,8,18
467,1,2020,2,29
295,5,2020,9,29
778,3,2020,8,23
427,12,2020,8,14
229,12,2019,9,26
800,9,2019,6,3
248,1,2020,9,12
946,1,2019,8,6
702,7,2019,6,14
593,7,2020,12,22
630,4,2019,10,24
699,5,2020,7,5
424,11,2019,10,30
925,6,2019,11,8
407,3,2020,11,4
829,4,2019,7,12
319,6,2020,8,30
596,9,2020,9,14
659,11,2020,11,29
684,2,2020,8,9
353,9,2020,4,8
116,10,2020,11,7
967,5,2020,10,27
861,11,2020,8,24
992,12,2020,10,26
815,6,2020,3,7
699,1,2020,1,11
544,4,2020,10,7
363,2,2020,3,1
508,9,2019,12,14
672,3,2020,12,9
383,1,2019,4,27
89,4,2020,7,12
965,11,2020,7,26
767,5,2020,9,8
636,4,2019,12,25
318,5,2019,7,22
457,3,2020,1,5
932,2,2020,6,1
915,4,2019,5,27
640,11,2019,10,4
495,10,2019,2,25
265,11,2020,3,8
995,3,2020,12,24
709,11,2019,2,18
212,6,2019,9,17
504,10,2019,1,23
954,12,2020,6,7
575,9,2020,1,6
338,5,2019,12,14
652,7,2020,12,23
111,8,2020,5,7
580,6,2019,5,17
502,7,2020,5,6
295,11,2020,10,22
491,4,2019,12,7
272,1,2019,8,4
984,10,2020,3,4
105,5,2019,8,21
110,2,2020,9,16
561,3,2019,2,26
86,7,2020,8,15
115,3,2019,9,3
920,7,2019,8,27
394,5,2020,1,2
166,5,2020,2,15
971,1,2020,3,9
445,3,2019,8,23
273,8,2019,9,7
359,8,2020,1,25
258,5,2020,7,12
678,7,2019,4,19
610,10,2020,11,16
153,6,2020,3,24
593,12,2020,12,8
962,11,2019,7,10
464,8,2020,11,2
279,7,2020,5,2
719,7,2020,6,1
437,9,2020,5,25
838,3,2019,11,20
213,8,2019,7,5
162,6,2020,2,29
181,6,2019,12,24
544,12,2020,3,2
875,7,2020,2,5
498,6,2020,9,6
597,4,2019,1,20
539,7,2019,2,4
583,4,2019,4,4
427,8,2019,11,5
656,4,2020,10,1
357,3,2020,3,14
997,1,2020,1,25
738,10,2019,2,3
258,11,2020,5,20
631,12,2019,9,5
285,11,2019,1,12
539,12,2020,2,24
460,8,2019,9,27
628,2,2019,7,1
489,7,2019,5,16
490,7,2019,1,28
130,6,2019,8,29
139,2,2019,2,27
722,8,2020,9,23
357,4,2020,2,21
267,12,2019,10,12
404,10,2019,9,6
867,11,2019,10,1
749,4,2019,6,13
704,11,2020,4,19
103,6,2019,7,30
850,7,2020,4,1
823,3,2020,12,21
153,1,2020,3,30
225,8,2020,3,21
831,8,2020,9,20
522,4,2019,10,21
945,9,2020,10,15
476,12,2020,5,10
149,12,2019,3,1
903,1,2020,6,17
383,10,2020,6,15
559,8,2019,6,11
273,1,2019,4,1
201,12,2020,7,17
680,10,2020,11,1
872,4,2020,10,2
132,6,2019,4,28
111,7,2020,5,2
919,4,2020,6,9
934,9,2020,6,28
528,8,2020,8,17
496,5,2020,3,6
945,11,2020,11,21
634,10,2019,2,1
277,7,2019,10,1
875,9,2019,9,9
573,9,2020,1,18
994,11,2020,6,8
843,11,2019,8,1
83,10,2019,7,20
757,6,2019,8,23
941,5,2020,7,1
105,5,2019,1,4
925,6,2019,10,17
105,8,2020,1,16
167,5,2020,7,15
569,8,2019,3,14
677,7,2019,9,29
1000,11,2019,7,24
502,10,2019,8,18
368,12,2020,7,8
294,12,2019,4,18
743,10,2020,10,30
406,10,2020,2,10
946,3,2020,6,13
215,2,2020,11,27
942,5,2020,1,7
251,10,2020,3,16
151,2,2020,1,9
643,7,2020,11,20
315,4,2019,3,19
518,12,2020,1,10
633,7,2019,10,28
518,9,2020,6,22
465,1,2020,5,29
431,8,2019,1,21
429,10,2020,4,6
369,2,2020,7,5
155,4,2019,3,30
413,7,2020,3,4
571,1,2019,9,12
406,11,2019,2,25
978,8,2019,8,11
336,7,2020,6,22
373,9,2019,7,7
461,6,2020,10,8
962,11,2019,8,12
372,9,2019,11,1
196,7,2020,3,7
414,5,2020,10,19
556,5,2019,6,5
994,4,2019,7,20
338,7,2020,10,19
997,4,2019,11,23
173,9,2020,4,26
722,3,2019,3,14
126,7,2020,10,21
896,9,2019,8,30
910,5,2020,7,26
753,11,2020,11,15
362,10,2020,2,2
709,4,2019,11,3
873,7,2019,4,21
642,10,2020,7,19
181,10,2020,9,20
91,6,2020,4,29
668,2,2019,5,8
506,9,2019,3,26
215,3,2019,7,3
126,10,2019,8,15
196,11,2019,7,18
380,5,2019,9,18
956,1,2020,1,22
938,5,2020,10,10
696,8,2020,6,5
822,4,2020,3,18
922,5,2019,11,30
310,3,2019,9,15
229,3,2019,2,30
387,1,2019,4,5
691,7,2019,1,30
581,1,2019,3,7
131,9,2020,3,28
847,3,2020,9,6
200,8,2020,1,14
527,5,2020,5,29
916,11,2020,1,30
177,1,2020,8,1
228,6,2020,1,28
723,12,2020,5,22
597,8,2020,11,15
86,3,2020,12,15
554,7,2019,6,12
933,8,2019,3,17
738,10,2020,6,11
876,8,2020,7,26
876,11,2019,1,26
612,12,2019,9,18
336,8,2019,1,29
740,5,2019,9,27
469,10,2019,4,15
558,11,2020,4,29
771,6,2019,12,5
837,7,2019,12,10
731,6,2019,11,24
194,9,2019,9,9
860,1,2020,1,7
877,5,2020,3,25
636,7,2019,3,23
564,10,2019,10,28
530,5,2019,10,11
350,11,2019,8,21
508,5,2019,10,30
721,9,2019,2,13
441,8,2020,4,29
578,1,2019,5,14
480,12,2020,1,15
207,12,2020,11,6
448,7,2019,2,29
938,3,2020,6,20
613,6,2020,4,13
675,10,2020,8,12
139,1,2019,3,17
508,5,2019,6,8
860,1,2019,9,3
995,11,2020,1,9
950,6,2020,7,25
702,3,2019,3,19
799,4,2019,8,26
243,7,2020,10,8
550,4,2019,1,10
128,3,2020,3,5
994,10,2020,2,12
395,3,2019,12,27
230,5,2020,1,23
334,3,2020,10,30
338,6,2020,12,22
728,11,2020,7,8
955,12,2019,3,22
484,11,2019,6,20
622,4,2019,8,17
403,8,2019,8,16
436,3,2020,9,12
903,6,2019,5,5
852,5,2019,12,21
148,3,2020,8,17
929,2,2020,6,3
868,8,2020,9,4
306,10,2020,1,15
115,12,2020,2,12
969,8,2020,6,25
488,1,2019,1,14
961,5,2019,3,9
738,2,2020,10,16
452,9,2019,2,12
234,2,2020,5,3
570,12,2020,2,15
735,2,2020,2,18
848,5,2020,10,13
504,5,2019,1,1
733,2,2020,2,1
937,2,2020,2,5
623,9,2019,10,11
440,3,2020,12,3
943,1,2019,12,7
266,12,2020,2,11
498,8,2020,2,24
499,10,2019,8,30
510,9,2019,10,29
676,11,2020,7,15
878,8,2019,1,17
287,9,2020,4,16
89,5,2020,9,24
612,3,2020,11,9
854,7,2020,4,16
707,9,2019,6,17
911,1,2019,10,29
662,2,2019,6,25
915,4,2020,1,23
164,3,2019,11,12
924,10,2019,9,25
244,8,2020,6,1
489,2,2020,8,28
210,11,2020,9,22
940,5,2019,5,3
788,5,2020,2,22
833,2,2019,6,10
663,11,2019,4,16
220,8,2019,7,14
194,11,2020,12,10
886,4,2020,8,11
587,2,2019,7,17
104,11,2020,9,3
485,10,2020,10,17
749,10,2020,10,5
776,8,2020,11,3
382,11,2020,8,17
772,4,2020,4,17
731,6,2020,4,19
408,11,2020,5,5
488,6,2020,11,4
141,5,2019,10,22
535,2,2019,4,10
674,4,2019,10,12
862,5,2019,12,23
477,12,2019,4,13
739,11,2019,1,24
796,7,2019,7,12
428,8,2019,8,2
182,4,2019,4,7
553,11,2020,8,8
365,9,2019,1,5
723,7,2020,9,1
266,3,2019,2,17
985,9,2020,8,29
613,3,2019,8,11
481,7,2020,6,14
654,12,2019,9,25
648,5,2019,3,26
399,7,2020,3,13
663,4,2019,5,3
287,4,2020,11,13
570,12,2019,12,17
743,1,2019,5,13
997,10,2020,9,8
786,3,2019,7,14
487,5,2020,1,21
517,5,2019,7,6
670,6,2020,7,1
536,10,2019,12,25
514,11,2019,5,26
657,7,2020,4,13
531,2,2019,5,6
647,10,2020,9,15
377,2,2019,12,14
709,7,2019,4,16
799,8,2019,4,25
577,8,2020,3,24
179,7,2019,2,18
988,7,2019,5,23
297,10,2019,3,8
357,9,2020,11,7
125,12,2020,3,16
245,2,2019,12,16
661,4,2019,11,29
107,4,2020,7,25
704,11,2019,3,9
716,11,2020,11,7
548,7,2019,9,23
983,11,2019,2,16
963,11,2019,11,3
727,11,2020,5,1
375,4,2020,7,15
892,9,2019,9,10
438,6,2019,7,28
531,1,2019,4,1
143,2,2020,10,12
487,12,2019,12,5
103,11,2020,6,2
579,11,2020,11,29
903,11,2020,11,4
821,10,2020,10,13
576,5,2019,8,11
238,2,2020,9,25
477,6,2020,1,17
545,2,2020,8,28
496,1,2019,12,6
221,6,2020,3,17
954,8,2020,1,3
215,12,2019,12,29
674,10,2019,4,11
990,7,2020,3,24
859,9,2020,7,11
869,11,2019,6,13
577,8,2020,12,10
912,3,2019,7,14
472,11,2020,2,16
405,11,2020,4,26
485,1,2020,4,12
226,10,2020,6,10
507,12,2020,3,21
647,2,2020,3,21
495,1,2020,1,22
111,10,2019,7,17
480,1,2019,3,20
626,7,2020,5,9
190,10,2020,3,11
973,12,2020,6,28
156,6,2019,5,29
810,11,2020,8,24
211,6,2019,5,24
963,5,2020,4,26
476,8,2019,12,21
574,12,2019,6,2
84,8,2020,6,26
415,3,2020,8,19
515,7,2019,12,3
622,12,2020,5,22
124,1,2020,7,15
841,1,2019,4,30
576,6,2019,6,22
357,4,2020,2,17
608,2,2020,11,21
112,8,2020,1,25
601,5,2020,8,14
868,2,2020,7,25
394,6,2020,6,30
803,7,2019,10,22
90,12,2019,11,5
581,2,2020,12,4
127,6,2020,1,29
468,4,2019,8,16
711,4,2020,11,17
953,10,2020,6,24
114,7,2020,8,16
849,12,2019,4,3
131,10,2020,9,24
91,2,2020,11,3
927,3,2019,7,25
528,5,2020,10,30
175,9,2020,1,19
705,4,2020,3,7
933,5,2020,5,14
220,9,2020,3,16
438,11,2020,11,25
652,2,2020,7,16
454,1,2020,5,15
611,12,2019,12,19
967,2,2019,8,19
491,9,2019,4,13
216,1,2020,2,18
909,8,2019,5,11
845,4,2020,2,23
913,5,2019,8,12
343,1,2019,6,25
738,9,2019,9,3
987,2,2019,6,27
699,5,2019,11,16
861,6,2020,4,30
326,7,2020,8,11
622,4,2019,10,8
351,8,2019,9,11
672,4,2019,8,7
180,5,2019,8,29
673,8,2019,1,19
1000,5,2019,12,3
914,7,2020,2,27
529,3,2020,8,24
289,2,2020,12,18
722,5,2020,6,3
714,6,2019,2,23
152,6,2019,8,16
954,11,2020,5,18
335,4,2020,7,6
280,12,2020,11,22
523,1,2020,3,4
444,9,2020,6,19
645,8,2020,6,28
478,7,2020,4,9
630,1,2020,9,22
800,12,2020,3,6
734,7,2020,2,29
300,10,2020,11,17
269,7,2019,5,1
721,9,2019,1,27
456,11,2020,4,23
188,9,2019,6,21
792,1,2019,5,27
737,5,2019,11,19
367,3,2020,10,3
238,9,2020,4,22
998,12,2020,3,25
996,2,2020,2,17
967,2,2019,5,23
569,9,2019,8,30
975,6,2020,1,3
817,4,2019,11,19
481,2,2019,7,26
347,4,2019,2,21
815,2,2019,4,18
169,10,2019,12,13
375,9,2020,10,25
624,3,2020,3,13
555,3,2019,6,20
879,8,2020,9,20
472,10,2019,1,19
920,1,2020,6,17
531,10,2020,6,17
84,1,2020,9,28
634,10,2020,8,23
514,5,2020,8,17
770,2,2019,6,1
845,11,2020,10,22
157,7,2019,7,1
223,5,2019,2,29
245,9,2020,2,16
589,9,2019,10,19
911,12,2020,9,25
83,6,2019,3,18
929,1,2019,6,12
540,1,2020,6,11
281,5,2020,11,20
421,7,2019,3,17
872,2,2020,11,15
144,8,2020,6,19
427,11,2019,5,18
770,2,2019,6,11
919,7,2020,11,11
725,11,2020,10,10
724,7,2019,3,3
594,9,2019,11,25
557,9,2019,3,11
506,1,2020,3,3
542,4,2020,7,21
979,8,2019,5,12
514,2,2020,6,19
262,3,2019,9,15
591,11,2020,8,23
634,9,2019,3,11
505,7,2019,6,6
568,7,2019,8,19
776,7,2019,7,6
825,8,2019,10,9
460,4,2020,5,19
836,6,2020,2,19
362,11,2019,12,12
329,11,2019,7,9
834,11,2019,5,27
810,8,2019,2,8
732,9,2019,9,1
499,4,2020,6,30
748,1,2020,9,14
266,3,2019,3,22
848,1,2020,5,20
462,10,2019,5,18
461,1,2019,11,30
234,11,2019,9,22
384,6,2019,11,28
203,5,2019,10,8
560,8,2019,4,12
901,2,2019,6,3
649,5,2019,4,16
189,8,2020,10,17
327,7,2020,9,6
175,4,2020,2,27
878,12,2020,11,29
240,4,2020,8,5
981,2,2020,5,4
134,10,2019,4,21
656,7,2019,3,18
318,6,2019,11,28
238,12,2020,12,18
911,8,2020,10,9
558,10,2020,9,1
977,7,2020,11,14
900,4,2019,4,25
573,4,2020,6,23
280,7,2020,8,16
280,4,2019,1,17
144,3,2020,6,1
984,4,2020,11,23
479,12,2020,5,5
887,5,2020,7,30
662,3,2019,3,8
599,8,2020,9,10
940,3,2019,3,8
768,8,2019,4,13
190,1,2019,7,22
940,11,2019,11,15
171,1,2020,2,30
221,11,2019,6,21
447,7,2020,4,17
400,2,2019,12,18
716,10,2020,9,23
537,6,2020,10,15
429,5,2019,9,12
304,10,2019,7,13
402,3,2019,8,15
191,2,2020,2,15
151,3,2019,8,8
855,7,2019,2,25
351,10,2019,12,27
749,10,2020,2,19
456,7,2020,1,29
876,11,2019,11,18
847,2,2020,11,29
165,7,2020,12,25
772,8,2020,7,11
167,2,2020,7,3
100,2,2020,2,16
465,7,2020,5,22
685,8,2019,4,1
859,7,2020,6,28
870,7,2019,8,15
491,8,2020,2,13
640,2,2020,12,25
571,8,2019,11,24
373,6,2020,1,20
433,5,2020,2,6
731,10,2019,6,27
187,9,2020,6,20
620,10,2019,2,28
501,6,2020,10,3
101,1,2019,5,23
636,5,2020,9,17
972,2,2019,7,7
298,11,2020,7,6
880,6,2019,1,11
783,2,2020,8,24
630,10,2020,9,8
453,11,2019,8,18
287,6,2020,2,23
143,9,2020,9,11
623,5,2019,11,19
264,3,2020,9,12
659,4,2019,4,20
744,9,2020,2,26
292,5,2020,2,30
614,1,2019,2,27
365,4,2020,7,27
370,3,2019,5,21
477,1,2020,4,21
739,3,2020,4,13
728,9,2019,10,22
458,3,2019,1,25
361,4,2020,3,9
949,6,2019,2,17
665,6,2020,4,1
209,4,2020,2,25
817,9,2019,11,1
257,4,2019,8,19
377,8,2019,12,21
840,6,2020,1,24
856,10,2020,3,11
712,1,2019,3,18
932,11,2019,1,19
448,3,2019,11,25
555,1,2019,2,30
424,2,2019,1,10
393,4,2020,10,6
938,2,2020,7,20
193,10,2020,4,7
532,7,2019,7,21
754,9,2019,2,22
202,6,2019,12,3
799,2,2019,9,16
400,3,2020,9,13
207,2,2020,11,11
656,7,2019,6,21
368,8,2020,12,2
749,8,2020,6,4
429,1,2019,6,26
914,4,2020,6,15
791,9,2020,5,26
823,7,2019,10,23
87,7,2020,11,15
136,4,2019,4,2
508,4,2019,11,28
640,9,2020,1,21
913,9,2019,8,21
278,2,2019,1,24
737,6,2020,7,17
544,10,2019,4,27
343,2,2020,3,28
153,7,2019,1,19
220,8,2019,12,25
115,6,2020,11,30
888,9,2020,6,25
91,11,2020,6,20
862,1,2020,2,23
915,7,2020,10,21
224,3,2020,10,19
898,6,2020,3,2
571,6,2020,4,26
723,10,2019,7,2
151,5,2019,9,7
539,1,2020,8,16
233,8,2020,9,12
857,4,2019,10,21
538,12,2019,2,3
320,8,2020,11,20
686,3,2019,11,10
618,5,2019,6,23
300,5,2019,12,3
216,2,2019,2,18
634,9,2019,1,3
584,2,2019,1,15
198,5,2019,9,3
813,1,2020,6,3
934,8,2020,9,20
131,10,2019,4,30
347,8,2019,8,8
193,3,2020,3,3
126,9,2020,8,25
468,10,2019,8,16
327,4,2020,10,6
612,10,2019,11,15
771,9,2020,8,18
218,10,2020,1,13
486,7,2019,11,12
812,1,2020,6,5
636,12,2019,1,23
115,7,2020,3,1
960,12,2020,9,16
112,1,2019,3,12
914,8,2019,12,21
164,4,2019,10,21
355,8,2020,8,27
789,9,2019,9,7
773,1,2019,5,24
357,6,2020,10,26
115,6,2020,3,6
383,2,2019,4,20
525,5,2019,3,21
400,12,2019,6,19
768,2,2019,6,22
317,3,2020,12,13
710,5,2020,6,2
468,6,2019,2,20
291,3,2019,1,22
714,1,2019,1,15
512,1,2019,1,13
564,12,2019,2,19
464,11,2019,6,9
357,1,2019,4,4
769,2,2020,2,18
101,1,2019,12,16
656,5,2019,2,29
696,10,2019,6,14
520,11,2020,8,29
742,4,2020,1,15
470,9,2019,5,27
848,12,2019,10,1
238,5,2020,12,23
198,3,2020,5,7
937,5,2019,5,20
387,10,2019,5,21
94,2,2020,7,23
469,9,2020,1,16
830,2,2020,1,25
485,2,2019,10,29
706,9,2019,1,23
642,8,2020,2,8
114,9,2020,3,3
915,8,2019,9,20
313,6,2019,4,27
617,3,2020,12,23
780,8,2020,6,8
916,3,2019,2,13
87,4,2019,10,7
453,8,2019,7,21
114,12,2020,10,8
83,9,2019,4,28
794,10,2019,11,11
259,11,2019,8,12
125,10,2020,9,7
486,6,2019,10,18
935,10,2019,1,19
199,9,2019,10,30
666,9,2019,11,11
250,1,2019,5,28
579,10,2020,5,5
233,5,2019,3,7
979,6,2020,12,13
755,10,2019,5,23
842,5,2019,1,17
261,10,2020,6,17
639,2,2020,7,29
714,6,2019,6,13
638,7,2019,7,30
141,8,2019,6,18
476,10,2020,3,15
199,11,2019,12,26
276,11,2019,1,11
418,10,2019,6,21
200,11,2019,1,28
429,8,2020,7,18
814,2,2019,3,10
870,3,2020,11,22
790,9,2019,8,4
594,2,2019,10,21
101,5,2019,2,4
285,12,2020,4,27
344,9,2019,4,25
863,8,2020,11,19
254,3,2019,12,7
623,2,2020,10,28
369,2,2019,7,13
733,1,2020,4,21
688,2,2019,11,27
984,1,2019,3,6
507,5,2019,3,23
270,9,2019,6,8
708,7,2020,2,2
298,9,2020,2,19
340,1,2019,2,26
467,2,2020,1,26
722,12,2019,5,18
267,6,2019,1,6
580,3,2019,1,1
619,11,2020,10,22
412,11,2020,11,18
141,5,2019,6,26
235,9,2019,10,8
426,11,2019,5,15
458,7,2020,2,24
260,12,2020,12,19
285,5,2020,6,26
152,7,2020,5,29
97,3,2020,3,22
338,2,2020,6,17
594,3,2019,11,3
302,5,2020,8,11
152,1,2020,9,10
642,4,2020,8,4
878,9,2020,5,21
913,1,2019,10,25
709,11,2020,12,25
938,5,2020,4,16
430,2,2020,8,4
224,1,2019,2,3
193,3,2020,3,9
128,11,2019,7,26
957,10,2020,9,15
927,9,2020,3,19
373,7,2019,12,9
911,3,2019,12,23
625,3,2020,12,30
629,8,2020,9,9
121,3,2019,9,11
711,3,2020,8,1
341,3,2020,10,25
863,1,2019,11,17
425,2,2020,6,23
219,11,2020,12,20
697,5,2020,11,30
624,1,2020,12,18
534,7,2019,2,28
784,4,2019,10,30
750,7,2020,1,6
388,5,2020,8,19
772,3,2020,9,13
133,5,2019,8,16
731,4,2020,1,3
392,12,2019,10,10
772,9,2020,5,19
809,2,2020,2,14
440,9,2020,4,6
185,2,2020,8,4
404,8,2019,7,23
128,10,2019,1,7
899,10,2020,11,8
977,11,2020,12,10
391,6,2019,7,26
445,5,2019,10,24
451,9,2019,5,3
974,2,2020,5,4
499,7,2020,9,30
217,8,2020,3,9
234,12,2019,4,18
541,4,2020,10,23
610,4,2019,11,13
760,5,2019,9,13
658,12,2019,10,23
673,11,2019,9,8
161,3,2019,6,18
709,1,2020,1,9
217,10,2020,6,18
482,5,2020,12,24
430,12,2019,4,27
668,11,2020,9,4
281,10,2020,3,7
111,11,2019,3,17
769,9,2020,8,24
829,7,2019,2,18
797,4,2020,10,1
261,10,2020,2,12
647,3,2019,1,25
703,1,2019,10,4
984,12,2020,6,28
427,4,2019,7,18
434,7,2019,1,15
404,5,2019,6,8
308,11,2020,11,15
921,2,2019,8,24
637,4,2020,9,9
798,5,2019,12,22
517,3,2020,8,14
605,4,2019,11,25
490,12,2020,3,2
892,12,2020,11,29
319,4,2019,5,23
648,8,2020,1,5
775,5,2020,3,9
604,5,2019,10,6
615,10,2020,3,21
371,9,2019,5,22
270,1,2020,9,30
834,12,2019,3,16
688,3,2019,1,16
491,3,2019,10,19
775,3,2019,2,23
383,7,2020,12,10
999,8,2020,5,23
707,1,2020,11,24
738,9,2020,6,19
758,10,2019,5,8
894,1,2020,4,10
586,3,2020,4,6
753,7,2019,2,28
605,1,2019,4,17
682,5,2020,6,4
849,12,2019,4,22
842,1,2019,6,4
806,1,2020,1,30
403,4,2020,4,5
398,4,2020,3,22
282,8,2020,12,22
841,12,2020,1,12
550,7,2019,4,4
695,9,2019,2,6
134,4,2020,11,8
714,5,2020,2,4
84,3,2020,10,22
800,8,2019,5,11
167,3,2020,10,13
274,2,2019,10,21
443,8,2019,5,23
893,4,2019,10,19
418,12,2020,2,28
664,8,2020,4,17
675,8,2019,2,25
718,10,2019,3,12
501,4,2020,12,12
340,1,2020,7,27
203,7,2020,12,17
778,12,2019,8,10
658,9,2020,2,27
788,3,2020,3,23
411,9,2020,3,13
758,6,2019,1,16
939,4,2020,5,6
946,4,2020,10,13
871,2,2020,5,17
513,8,2019,6,6
633,12,2019,6,10
449,7,2020,11,4
742,10,2019,8,4
417,8,2020,10,23
675,9,2019,1,10
972,3,2020,3,15
381,12,2019,9,3
194,4,2019,8,28
286,12,2020,5,18
138,2,2020,12,27
664,2,2020,11,27
679,3,2020,1,6
557,8,2019,7,22
323,11,2019,9,24
329,12,2020,9,25
899,3,2019,9,26
967,2,2020,9,18
579,5,2020,9,2
547,10,2020,4,11
383,8,2019,11,7
284,8,2019,7,11
979,4,2020,8,10
840,6,2020,1,17
113,2,2020,8,7
404,6,2019,12,10
166,2,2019,10,12
307,11,2019,7,28
404,10,2019,4,29
144,1,2019,4,4
992,11,2020,5,22
156,5,2020,6,21
738,3,2019,5,26
946,7,2019,10,12
999,3,2020,5,16
289,6,2020,10,27
213,3,2019,5,27
204,3,2020,9,7
910,8,2019,10,12
151,4,2020,6,17
240,8,2020,5,19
404,1,2019,11,26
444,1,2020,6,7
926,8,2020,7,19
481,9,2019,12,9
340,5,2020,2,21
88,3,2020,8,24
772,1,2020,10,5
620,1,2020,12,1
490,10,2020,3,26
536,6,2019,8,18
177,11,2019,8,27
553,6,2019,2,14
782,5,2019,11,8
137,6,2020,1,26
322,6,2019,12,13
87,2,2020,2,3
743,11,2019,8,13
146,11,2019,11,11
375,11,2019,3,2
776,2,2019,3,10
297,3,2020,10,26
482,7,2019,4,12
109,12,2019,3,23
963,9,2020,9,21
713,9,2020,11,8
831,7,2020,4,11
330,6,2019,7,3
322,9,2020,12,12
686,4,2020,9,2
674,2,2020,9,12
374,2,2019,12,23
716,5,2019,5,25
201,3,2020,9,12
306,5,2020,4,4
850,3,2019,9,8
882,4,2020,5,9
414,8,2020,11,1
813,4,2019,12,9
475,1,2020,10,3
492,1,2019,7,1
414,10,2019,6,18
805,10,2020,11,27
891,1,2019,8,25
679,6,2020,11,27
299,5,2019,6,23
761,2,2020,4,26
355,7,2020,5,26
629,11,2019,6,10
915,12,2019,5,9
360,8,2019,7,4
592,4,2020,12,5
703,8,2019,8,22
205,11,2020,12,30
388,4,2019,7,4
289,1,2019,3,1
805,6,2020,1,22
212,11,2019,5,3
174,4,2019,4,23
758,8,2019,9,10
485,10,2020,4,8
446,2,2019,2,9
165,10,2020,3,8
782,7,2020,11,9
407,5,2019,7,5
732,6,2020,3,12
700,4,2020,2,6
674,11,2019,12,19
925,11,2019,6,9
843,5,2020,2,25
712,6,2020,7,18
356,7,2019,7,24
861,6,2019,4,25
315,8,2019,3,15
972,11,2020,5,12
501,5,2020,11,11
998,5,2020,5,2
314,5,2020,8,3
955,6,2019,12,21
468,11,2019,8,29
246,12,2019,9,25
709,4,2019,9,4
315,8,2020,2,29
769,8,2019,11,18
870,4,2019,12,13
785,6,2019,5,21
664,12,2020,6,4
161,9,2020,6,11
678,12,2019,6,24
275,3,2019,7,17
309,5,2019,5,16
977,1,2019,11,4
176,8,2020,10,14
635,1,2019,9,10
955,2,2019,12,25
621,7,2019,3,30
684,3,2019,12,29
746,3,2020,11,25
700,4,2019,8,1
938,1,2020,7,4
430,8,2019,3,17
246,3,2019,3,2
996,9,2019,3,26
592,10,2019,5,21
987,10,2019,5,9
316,8,2020,6,9
683,9,2020,9,11
367,10,2019,1,10
910,2,2020,3,3
735,1,2020,5,16
783,7,2020,4,1
283,1,2020,8,18
349,1,2020,3,8
282,8,2020,10,30
939,11,2019,2,9
893,2,2020,10,5
975,8,2020,2,4
409,8,2019,5,7
995,9,2019,5,5
305,11,2019,10,11
559,10,2019,1,20
910,12,2020,9,28
133,2,2020,1,2
689,9,2019,11,30
712,10,2020,1,6
626,2,2020,10,2
106,1,2020,12,20
431,5,2019,7,20
860,6,2019,2,25
638,9,2020,9,13
130,5,2019,6,16
780,6,2020,7,19
220,2,2020,10,25
141,10,2020,8,28
856,2,2019,10,15
774,9,2020,3,15
427,2,2020,4,6
809,10,2019,12,9
758,4,2020,8,1
479,10,2019,9,25
542,6,2020,6,20
740,2,2020,3,23
615,9,2019,2,3
501,11,2019,12,16
881,1,2020,1,27
663,8,2020,10,1
519,1,2019,2,7
847,10,2020,5,19
573,10,2019,3,5
358,10,2019,11,26
170,6,2020,8,23
626,4,2020,10,24
299,7,2019,10,13
149,7,2020,12,13
549,7,2020,6,24
631,12,2020,1,24
273,5,2019,9,23
533,10,2020,1,16
887,10,2020,4,9
782,9,2020,2,6
967,8,2019,10,17
434,12,2020,10,8
611,5,2019,12,6
151,6,2019,12,10
727,11,2019,10,19
771,12,2019,11,14
335,12,2020,12,22
315,4,2020,10,3
453,10,2020,12,5
108,1,2019,4,7
822,8,2019,10,11
383,1,2020,9,1
258,8,2019,7,14
191,8,2019,8,7
491,10,2020,4,30
119,7,2019,11,17
722,10,2019,11,18
143,5,2019,10,9
441,2,2019,11,1
880,2,2019,1,7
533,11,2020,5,2
272,4,2019,10,27
930,7,2020,3,30
429,12,2020,5,19
729,9,2020,9,15
90,11,2019,2,26
468,6,2019,8,1
738,2,2020,4,19
797,7,2019,7,14
984,2,2020,11,15
440,8,2020,7,18
138,4,2020,8,10
533,11,2020,8,7
492,7,2020,6,14
775,1,2020,1,17
160,3,2019,7,24
164,8,2019,3,15
262,4,2020,9,13
310,12,2020,10,21
879,9,2019,11,20
646,8,2019,7,4
342,8,2019,11,14
481,2,2020,10,27
493,6,2020,5,10
932,3,2019,6,12
771,3,2020,3,19
200,11,2019,6,30
209,8,2020,8,23
519,2,2019,11,24
414,1,2020,12,20
107,7,2019,8,3
892,2,2019,7,12
141,5,2019,11,9
451,11,2019,10,10
818,3,2020,4,25
824,12,2019,11,2
242,7,2019,1,17
354,5,2019,10,10
80,5,2019,7,18
862,10,2019,7,27
684,7,2019,9,5
510,3,2020,11,25
154,6,2019,5,7
336,7,2019,10,29
771,4,2019,9,11
591,12,2019,4,23
470,2,2020,4,17
434,11,2019,5,27
795,5,2020,12,20
166,8,2019,5,23
577,12,2020,8,21
824,4,2019,2,23
855,1,2020,8,23
812,11,2019,7,30
152,6,2019,6,11
890,3,2019,2,30
105,12,2020,2,7
252,9,2020,3,12
787,11,2019,6,26
488,10,2020,10,28
833,12,2019,10,9
248,3,2020,10,12
246,10,2019,5,28
870,9,2020,3,3
665,1,2019,10,18
821,9,2019,10,3
697,1,2020,11,3
799,5,2020,11,11
355,9,2020,5,9
489,4,2019,9,19
636,4,2019,3,20
181,7,2020,12,20
662,10,2019,1,15
623,7,2020,6,29
731,11,2019,10,16
535,3,2019,8,8
992,5,2019,9,3
893,10,2019,7,14
532,4,2019,6,19
883,6,2019,11,13
999,2,2019,1,13
461,9,2019,3,17
943,2,2020,2,8
444,7,2019,2,16
205,6,2019,4,4
458,10,2019,7,7
324,7,2019,4,24
418,12,2020,4,10
674,10,2020,8,22
497,5,2020,4,23
406,9,2019,3,13
206,12,2019,3,15
276,12,2019,12,20
627,5,2020,5,15
457,3,2020,8,23
823,2,2019,1,6
985,8,2020,4,17
810,4,2019,9,2
105,11,2020,12,4
382,4,2020,2,22
777,8,2020,4,14
924,10,2019,6,7
843,2,2020,10,1
740,4,2019,6,9
129,9,2019,3,23
923,5,2019,6,22
638,10,2019,6,16
621,10,2019,7,4
338,2,2019,5,11
488,9,2019,8,13
872,10,2020,1,30
977,5,2020,3,24
497,8,2019,4,11
590,9,2020,11,30
679,7,2019,3,12
303,3,2020,1,14
367,11,2020,8,26
587,9,2020,10,1
188,7,2020,6,23
782,12,2019,12,6
966,7,2020,6,2
710,11,2020,7,24
226,1,2020,1,14
349,2,2020,5,12
159,8,2020,11,27
540,10,2020,3,14
940,1,2019,4,6
151,3,2019,3,5
842,9,2019,3,26
971,9,2020,9,27
679,9,2020,8,6
907,6,2020,2,3
536,1,2019,9,26
655,11,2019,12,12
362,6,2019,9,12
729,2,2020,10,14
603,8,2020,4,11
872,2,2020,7,10
672,11,2020,2,14
723,3,2020,11,11
838,8,2020,6,28
285,6,2019,5,25
331,6,2020,1,25
877,10,2019,8,9
834,1,2019,7,3
332,8,2020,8,21
856,6,2019,7,24
183,8,2019,11,30
673,3,2020,4,28
686,8,2020,2,23
854,10,2019,4,3
852,2,2019,3,30
700,6,2020,10,29
815,10,2019,10,8
793,9,2020,3,28
489,4,2020,1,10
450,5,2019,5,1
849,11,2019,3,7
739,10,2020,5,27
300,7,2019,5,26
951,11,2020,5,17
926,2,2019,2,21
445,7,2020,10,26
195,6,2020,10,14
750,6,2019,5,23
717,3,2020,11,27
614,10,2019,9,26
585,10,2019,8,5
143,11,2019,11,19
464,1,2020,6,11
421,8,2020,9,14
249,10,2019,3,21
763,12,2019,11,24
464,6,2019,4,21
589,1,2019,11,17
714,3,2020,7,19
850,1,2020,11,23
164,4,2020,9,15
252,10,2019,10,11
265,3,2020,7,19
403,7,2020,4,27
851,1,2019,6,5
770,2,2019,7,30
689,9,2020,9,27
343,11,2019,4,8
908,3,2020,2,8
973,12,2020,5,2
876,3,2020,10,29
381,4,2020,10,27
196,3,2020,3,22
236,5,2020,7,2
724,7,2019,6,10
654,12,2020,5,1
376,4,2020,5,6
133,5,2019,5,23
121,9,2019,2,2
145,6,2019,8,1
751,11,2020,3,7
903,4,2019,12,15
599,7,2020,6,21
612,9,2019,4,27
620,7,2020,11,6
582,9,2020,4,19
784,11,2019,4,23
626,7,2019,4,14
795,2,2020,9,22
212,4,2020,12,15
176,8,2019,4,1
530,8,2019,3,22
552,1,2020,5,17
803,7,2020,9,7
159,6,2019,4,17
235,11,2019,4,21
714,9,2019,4,14
308,10,2019,1,20
80,6,2020,4,1
445,2,2020,2,16
426,11,2020,6,17
270,6,2020,7,12
984,11,2019,11,6
250,9,2019,7,28
532,11,2019,6,12
863,11,2020,2,10
810,10,2020,11,16
901,5,2019,2,29
753,9,2020,12,26
383,7,2019,2,7
156,1,2020,8,11
575,9,2019,9,25
334,9,2019,5,27
784,10,2020,5,18
551,5,2019,3,18
310,10,2020,2,29
374,7,2020,9,25
715,5,2019,10,2
286,10,2020,1,2
391,4,2020,7,10
975,7,2020,9,16
604,8,2020,10,25
577,6,2020,11,20
442,2,2020,12,22
894,8,2019,5,2
247,9,2020,9,6
209,10,2019,7,5
819,4,2020,10,12
311,3,2019,9,17
138,9,2019,3,20
311,11,2019,9,1
321,5,2020,10,5
951,4,2020,11,14
151,8,2019,7,1
619,5,2020,1,10
793,9,2019,5,13
471,4,2019,2,18
732,4,2020,2,15
193,9,2019,2,23
875,3,2019,3,14
177,2,2019,12,13
351,2,2020,8,23
828,8,2020,8,28
651,2,2020,1,21
812,11,2019,3,19
281,10,2020,12,4
975,5,2020,11,15
324,6,2020,6,29
492,5,2019,3,25
266,7,2019,10,22
556,7,2020,11,27
191,3,2020,2,2
857,6,2019,12,3
755,3,2020,7,1
526,8,2019,9,16
481,4,2019,3,25
389,8,2019,5,11
164,4,2019,1,30
936,7,2019,4,22
211,6,2019,8,2
353,1,2020,3,1
721,12,2019,6,19
467,4,2020,6,23
446,12,2019,1,23
505,2,2019,3,10
906,10,2019,1,5
84,11,2019,9,26
817,9,2020,12,24
710,12,2019,5,2
265,9,2020,3,15
229,9,2019,5,29
911,6,2019,5,30
819,1,2020,6,13
574,5,2019,3,26
149,8,2020,12,20
491,4,2020,9,25
444,11,2020,4,13
802,12,2020,2,11
600,7,2019,2,3
363,9,2020,2,5
450,1,2019,8,30
533,3,2019,10,30
937,8,2019,6,8
960,10,2019,3,10
572,9,2019,9,12
786,10,2019,6,26
385,2,2019,6,26
834,12,2020,7,7
82,7,2019,2,8
865,4,2019,1,21
750,3,2020,11,2
240,7,2020,12,3
234,2,2019,11,11
636,5,2019,3,7
844,7,2019,4,13
997,4,2020,11,16
101,9,2020,2,29
864,11,2020,4,14
441,7,2019,6,28
338,6,2020,5,6
966,12,2019,10,4
844,6,2020,5,17
408,12,2019,4,8
948,11,2019,8,12
710,2,2019,10,9
442,1,2020,4,17
777,9,2019,11,8
953,4,2020,10,15
661,11,2020,11,4
271,9,2019,2,28
260,9,2019,11,16
435,8,2019,11,26
190,1,2019,3,20
356,1,2019,1,5
876,1,2019,9,10
795,4,2019,1,8
855,4,2020,6,3
852,11,2019,7,8
909,6,2020,3,22
424,4,2020,2,4
523,12,2020,7,11
390,10,2020,10,1
141,10,2020,8,10
829,3,2020,2,10
503,7,2020,7,5
620,12,2020,1,5
914,9,2020,9,24
159,6,2019,1,4
813,10,2020,1,6
652,9,2019,6,29
966,2,2019,3,17
551,12,2019,4,10
393,3,2020,1,20
430,2,2019,2,8
738,7,2020,8,3
345,8,2019,9,20
644,1,2020,11,19
418,7,2019,3,21
211,1,2019,9,18
851,3,2020,9,17
940,3,2019,2,26
841,4,2019,6,17
358,10,2020,10,21
973,7,2019,2,6
271,3,2019,7,13
324,1,2019,3,1
965,3,2020,10,10
581,8,2019,2,20
120,3,2020,7,27
717,3,2019,6,21
917,10,2020,7,17
364,1,2020,3,13
220,11,2020,9,20
245,12,2020,8,26
514,5,2019,12,4
877,11,2019,8,10
746,1,2020,6,19
451,1,2020,3,9
988,11,2020,4,24
217,6,2020,8,5
745,7,2019,2,27
265,4,2020,12,18
786,5,2019,11,7
932,1,2020,3,11
356,3,2019,4,30
557,7,2020,7,18
84,8,2019,5,3
91,7,2019,4,10
884,8,2019,9,11
162,11,2019,1,15
568,9,2019,11,12
477,7,2019,1,7
743,7,2019,3,1
454,1,2020,8,11
475,3,2019,12,19
341,9,2019,6,11
737,9,2020,8,2
188,5,2019,9,28
516,11,2020,1,26
893,6,2020,3,8
993,5,2020,7,26
646,7,2020,8,8
484,7,2019,12,17
285,3,2019,3,5
779,10,2019,4,6
466,9,2019,9,12
444,8,2019,10,30
875,3,2020,2,24
153,10,2020,8,8
159,4,2020,6,7
317,12,2020,12,1
511,6,2020,2,30
192,12,2020,3,10
681,7,2020,12,18
105,8,2019,7,25
944,5,2019,6,19
228,12,2020,5,29
697,11,2020,6,15
870,10,2019,9,9
547,3,2019,4,19
987,12,2020,8,25
598,6,2020,2,29
664,3,2020,7,18
405,5,2019,4,16
703,8,2020,10,23
189,12,2019,7,23
387,6,2019,5,18
166,9,2020,11,23
445,6,2019,11,19
278,3,2019,2,2
629,1,2020,11,15
572,6,2019,4,4
186,12,2019,8,8
488,9,2020,6,22
383,12,2019,11,14
103,7,2020,1,20
578,8,2019,9,23
867,1,2019,11,13
545,3,2020,8,12
109,11,2019,4,20
758,7,2019,12,16
698,11,2019,4,11
298,10,2020,4,15
350,11,2020,3,16
712,3,2019,10,17
115,10,2020,2,19
267,12,2020,4,11
653,3,2020,2,13
349,9,2020,12,13
437,12,2020,4,30
840,7,2019,10,20
177,11,2020,4,11
280,4,2019,7,19
274,3,2020,3,11
928,10,2020,10,20
783,9,2020,10,1
655,3,2019,9,3
464,9,2019,4,7
732,3,2020,1,17
687,7,2020,10,27
461,5,2019,10,9
366,3,2019,4,28
438,3,2019,12,25
126,1,2020,7,26
445,10,2019,2,3
918,7,2020,9,30
571,4,2020,11,9
399,9,2020,12,5
683,12,2020,2,9
498,8,2019,1,22
579,7,2019,11,1
370,8,2020,3,1
573,4,2020,1,8
970,3,2019,11,5
953,2,2019,10,30
918,12,2020,2,21
944,11,2019,1,13
964,8,2020,5,29
914,1,2020,6,11
202,5,2019,8,17
212,1,2019,8,30
426,10,2020,11,29
579,3,2019,2,18
786,10,2020,8,2
593,10,2019,9,9
975,5,2019,12,24
442,11,2019,1,21
471,4,2020,7,15
904,9,2019,1,7
84,11,2019,5,17
295,12,2020,11,26
142,8,2020,3,8
985,8,2019,9,8
127,10,2019,12,21
875,3,2019,11,9
732,1,2020,11,17
483,4,2020,2,12
986,9,2020,11,18
428,7,2019,10,14
408,1,2020,8,3
318,6,2019,2,16
995,10,2020,4,24
735,3,2020,12,7
809,12,2019,11,7
736,7,2020,3,24
505,4,2019,7,20
275,12,2019,8,5
838,5,2019,8,2
247,7,2020,11,26
843,4,2020,3,3
348,1,2020,8,21
835,3,2020,8,16
562,8,2019,5,17
931,10,2020,2,14
734,9,2019,2,5
952,12,2019,9,23
302,6,2020,9,6
438,3,2019,2,13
563,7,2019,6,10
818,10,2020,6,2
982,8,2020,5,17
142,11,2019,5,21
474,6,2020,7,11
331,6,2020,3,4
313,3,2019,9,21
378,7,2019,12,9
630,7,2019,5,25
912,7,2020,9,14
852,3,2020,8,16
347,9,2020,6,12
806,8,2019,6,7
883,7,2019,5,1
708,1,2019,10,24
564,11,2019,11,8
472,8,2019,5,24
848,5,2019,1,30
481,6,2020,11,2
138,1,2020,3,15
534,6,2020,4,5
947,1,2019,8,15
251,3,2020,2,10
833,2,2019,9,21
400,1,2020,9,10
807,1,2019,8,7
162,5,2019,1,4
880,2,2020,8,17
517,11,2019,1,7
976,3,2019,4,19
99,7,2020,5,4
754,4,2020,12,9
458,11,2020,11,5
769,12,2019,12,3
1000,6,2020,10,12
230,11,2019,8,8
884,6,2019,3,10
898,5,2020,2,4
801,8,2019,1,26
221,1,2019,10,18
949,10,2019,10,1
372,12,2019,4,20
880,8,2020,5,1
465,7,2019,11,14
195,3,2019,1,18
718,9,2019,3,13
723,10,2020,5,29
613,4,2019,6,5
749,4,2019,8,18
343,6,2019,1,3
519,2,2020,6,25
717,11,2020,4,3
631,8,2020,12,6
224,9,2019,2,21
90,6,2020,8,16
381,2,2019,3,19
468,11,2020,4,21
579,7,2019,7,6
93,8,2019,2,3
478,4,2019,12,21
199,5,2020,2,13
622,10,2019,8,30
83,6,2020,8,13
228,7,2020,10,4
538,5,2020,10,8
327,11,2019,10,11
690,2,2020,9,10
295,10,2019,4,14
605,7,2019,2,12
704,2,2020,12,28
111,9,2019,11,28
363,4,2019,10,4
568,7,2020,6,29
760,2,2020,11,6
175,8,2019,11,18
932,12,2020,1,1
927,8,2019,7,9
894,4,2020,3,29
200,2,2019,7,24
911,9,2020,12,15
98,8,2020,7,13
345,3,2020,3,27
960,3,2020,5,7
761,2,2019,7,28
441,2,2020,10,15
553,6,2019,12,22
297,6,2020,7,28
452,1,2020,2,25
367,1,2019,1,19
497,4,2019,2,21
236,4,2019,5,18
481,2,2019,12,29
190,10,2019,12,21
762,12,2019,12,6
694,11,2020,11,13
260,7,2019,8,21
770,6,2020,8,26
121,11,2019,5,23
819,7,2019,9,20
272,8,2020,7,3
202,12,2020,11,28
999,1,2019,1,20
384,2,2019,6,8
324,4,2019,5,22
968,6,2019,8,11
971,12,2019,12,21
460,2,2019,5,28
616,3,2019,8,19
885,11,2020,10,14
785,11,2020,3,3
195,9,2020,7,21
611,12,2019,10,21
118,7,2020,1,7
204,6,2019,9,19
760,10,2020,9,2
540,8,2020,11,24
743,2,2019,3,13
607,4,2019,8,9
379,7,2019,4,8
151,11,2020,6,3
235,10,2020,12,1
367,11,2020,7,16
693,5,2020,12,15
239,4,2019,4,24
241,4,2019,12,12
731,11,2019,3,22
100,4,2019,9,20
167,3,2019,6,28
683,4,2019,2,3
731,8,2020,10,12
787,6,2019,12,8
641,1,2019,5,2
845,2,2019,4,24
945,10,2019,10,14
670,4,2020,9,15
160,7,2020,6,15
647,9,2019,6,24
616,11,2019,1,18
617,3,2019,2,5
164,7,2019,2,26
644,9,2020,10,21
874,12,2020,6,28
840,4,2019,9,18
794,12,2020,9,6
440,11,2020,3,19
529,1,2019,3,8
842,6,2020,2,19
529,10,2020,5,14
426,8,2019,10,27
350,8,2020,11,28
306,7,2020,5,19
991,10,2020,12,5
129,2,2019,7,23
163,11,2020,12,22
607,5,2020,5,7
155,8,2020,2,22
273,7,2020,8,26
655,11,2019,10,1
494,11,2019,7,1
437,7,2020,8,30
742,11,2019,9,8
850,1,2019,6,19
907,2,2020,1,8
468,3,2019,4,5
849,5,2020,7,19
109,11,2019,1,8
334,10,2019,7,15
579,6,2020,10,24
923,12,2019,11,1
760,9,2019,2,28
441,6,2019,5,9
634,2,2019,6,20
822,9,2020,9,9
786,1,2020,5,4
152,9,2019,10,5
593,3,2020,7,13
372,4,2020,7,12
641,7,2019,10,12
563,11,2020,6,25
993,2,2019,7,14
170,7,2020,6,16
678,1,2019,2,22
439,6,2020,5,15
742,2,2019,12,25
234,7,2019,2,5
154,2,2020,6,15
255,11,2019,2,13
604,3,2020,9,30
750,5,2019,3,3
179,5,2020,8,11
681,12,2020,12,15
90,4,2020,6,8
834,6,2020,1,1
622,8,2020,7,29
473,8,2020,12,10
469,1,2019,9,14
556,4,2020,12,13
793,10,2020,10,29
245,2,2020,7,7
391,10,2020,3,3
335,1,2020,3,30
766,2,2020,1,13
264,6,2019,9,9
601,12,2020,7,18
244,9,2019,4,2
461,2,2019,12,23
432,3,2020,6,14
691,4,2019,7,10
305,9,2019,1,9
766,8,2020,12,30
423,11,2020,2,27
339,6,2019,2,19
887,10,2020,3,22
612,10,2019,9,10
351,1,2019,5,2
169,9,2020,2,11
230,9,2020,3,4
755,1,2020,12,16
181,1,2020,8,30
789,7,2019,8,12
977,3,2019,8,4
467,5,2020,9,29
872,7,2019,7,22
570,10,2019,6,5
344,10,2020,2,9
309,12,2019,1,6
260,9,2019,1,18
856,4,2019,11,4
975,1,2019,2,30
784,6,2019,6,5
961,10,2020,3,4
494,7,2020,3,7
686,6,2019,8,21
967,10,2020,4,5
159,12,2019,3,14
375,10,2020,7,29
328,10,2019,1,1
544,10,2019,8,23
278,1,2020,12,18
902,6,2019,10,14
411,3,2019,10,3
457,5,2019,7,11
326,6,2020,9,20
963,9,2019,10,4
998,10,2019,8,23
816,5,2019,1,18
386,11,2019,10,12
870,9,2019,6,15
222,11,2019,1,7
135,12,2019,8,25
623,5,2019,12,19
165,1,2019,7,7
642,4,2020,8,15
797,7,2020,1,13
484,5,2020,3,15
613,7,2020,9,8
849,5,2020,3,25
169,2,2020,12,29
470,12,2019,10,17
865,9,2019,8,1
889,1,2019,6,11
557,4,2020,8,4
236,10,2020,5,25
908,2,2019,9,4
774,5,2019,10,24
304,4,2020,4,13
625,11,2019,11,4
409,11,2019,4,24
295,2,2020,9,5
195,7,2019,10,6
285,5,2020,5,17
106,12,2020,6,27
489,9,2020,7,18
411,1,2019,10,22
863,8,2020,8,15
277,3,2019,6,7
746,12,2020,11,26
419,12,2020,11,12
694,6,2019,3,15
427,2,2019,8,6
874,7,2019,10,10
750,6,2019,6,11
544,8,2020,12,9
186,8,2020,2,14
292,9,2019,7,19
84,1,2020,9,16
869,1,2019,6,5
636,11,2019,10,25
504,3,2020,1,25
464,11,2020,12,1
529,3,2019,11,18
108,3,2019,11,8
577,12,2019,9,21
99,8,2019,2,25
180,4,2020,10,23
197,8,2019,9,29
696,4,2020,1,26
723,3,2020,8,25
398,9,2019,9,25
345,8,2019,12,17
154,2,2019,5,15
995,3,2019,2,19
840,8,2020,1,13
580,4,2019,2,20
547,4,2019,8,18
759,11,2019,5,8
930,5,2019,4,27
558,11,2019,6,28
708,11,2020,9,5
415,4,2019,5,21
425,2,2020,9,30
740,8,2019,5,30
295,2,2019,7,14
382,4,2019,1,27
522,8,2020,10,23
442,12,2019,1,8
613,12,2020,12,19
851,4,2019,2,3
693,2,2020,1,27
247,4,2020,8,8
139,2,2020,1,4
225,12,2020,9,24
247,3,2020,11,14
852,2,2020,2,4
819,3,2020,11,15
840,8,2020,8,5
335,11,2019,2,23
349,8,2019,9,24
265,1,2019,8,3
454,8,2020,7,9
415,4,2019,2,12
780,4,2019,5,12
628,6,2020,5,8
191,8,2019,2,14
453,11,2020,5,12
572,5,2019,4,29
477,8,2019,9,23
917,4,2019,9,15
614,5,2020,5,17
840,7,2019,10,25
476,5,2020,12,15
688,12,2019,3,17
926,8,2019,10,28
146,6,2019,2,27
902,8,2019,6,17
1000,5,2020,8,12
800,8,2019,1,22
189,9,2019,8,18
854,5,2020,2,20
702,7,2019,2,19
421,6,2020,3,26
891,7,2020,2,3
406,12,2020,12,16
109,12,2020,5,21
178,10,2020,6,5
617,11,2020,9,29
821,11,2019,1,7
398,2,2020,10,7
914,7,2020,3,19
672,6,2020,12,27
140,2,2019,11,6
748,9,2019,7,16
664,10,2019,6,2
800,5,2019,1,23
359,12,2019,11,9
267,3,2020,7,27
669,1,2019,7,19
630,4,2020,1,13
259,12,2019,1,16
117,10,2020,12,7
727,10,2019,10,15
737,2,2019,6,29
742,11,2019,2,5
414,8,2020,2,25
93,12,2020,4,22
364,4,2020,7,9
556,10,2019,4,1
833,1,2019,6,28
212,4,2020,12,29
825,3,2020,8,10
633,7,2020,7,28
346,4,2019,10,25
997,2,2019,10,26
681,1,2019,2,1
799,12,2019,5,12
647,1,2019,5,26
452,6,2020,12,29
686,6,2019,9,30
725,1,2019,9,4
530,8,2019,5,11
283,4,2019,2,14
108,3,2019,11,16
463,2,2020,7,3
350,6,2019,3,19
405,4,2020,3,18
103,2,2019,6,6
561,10,2020,4,16
289,9,2020,10,10
423,11,2019,1,1
719,6,2019,2,30
773,3,2020,2,8
854,1,2020,5,9
582,6,2019,9,15
868,1,2020,4,1
167,10,2019,8,23
269,3,2020,11,9
209,10,2019,2,14
440,11,2019,9,24
100,3,2019,11,26
892,12,2020,12,13
923,5,2020,10,10
689,5,2020,8,11
424,5,2019,6,11
1000,5,2020,1,21
304,5,2019,12,22
119,4,2020,7,5
755,3,2019,3,8
414,9,2019,4,27
460,8,2019,10,19
261,6,2019,1,4
964,4,2019,10,13
581,8,2019,5,5
203,12,2020,1,2
156,8,2020,6,7
725,1,2019,4,23
174,3,2019,6,17
648,12,2020,9,7
545,7,2019,4,14
705,11,2020,2,5
479,2,2020,11,19
988,5,2019,7,9
465,9,2020,6,8
940,10,2020,11,1
140,1,2019,4,24
156,9,2020,4,17
339,10,2019,3,6
700,6,2020,5,7
790,8,2019,8,26
417,10,2019,2,23
612,5,2020,11,4
877,9,2019,7,10
228,4,2020,8,23
841,9,2019,5,14
602,8,2019,8,20
184,4,2020,7,27
164,9,2019,5,3
514,2,2020,9,25
405,2,2020,6,23
994,8,2020,6,17
293,7,2020,3,5
763,4,2020,7,15
468,5,2020,1,12
654,3,2020,2,1
654,12,2020,1,11
787,6,2019,11,8
680,8,2020,3,24
541,5,2020,12,12
794,5,2020,1,28
247,6,2020,4,13
770,8,2019,6,29
135,1,2020,11,7
592,5,2019,9,7
767,9,2019,11,6
328,6,2020,4,20
83,9,2019,9,24
815,3,2019,11,4
848,9,2019,6,2
811,6,2019,2,30
618,7,2019,10,13
101,7,2020,4,8
817,9,2020,5,10
205,9,2019,3,19
173,4,2020,7,14
883,1,2020,1,28
774,10,2019,3,22
904,5,2019,11,12
446,1,2020,4,8
797,11,2020,4,26
867,7,2020,4,18
944,10,2019,12,23
649,11,2020,3,12
416,9,2019,8,14
934,8,2019,12,9
563,7,2019,10,26
879,10,2019,2,4
425,11,2020,12,19
744,8,2019,4,3
594,12,2020,11,2
158,8,2020,8,22
656,4,2020,2,21
140,8,2020,12,19
647,3,2019,1,28
874,7,2020,6,14
458,8,2019,6,16
666,8,2019,10,6
329,5,2020,2,4
757,3,2019,1,9
384,2,2020,7,6
635,9,2019,12,2
842,2,2019,9,14
982,2,2020,8,17
437,12,2019,5,16
879,7,2019,4,18
636,6,2019,4,29
543,10,2019,3,16
625,10,2020,4,29
230,2,2019,9,7
201,6,2019,12,21
227,5,2020,10,22
666,6,2020,6,8
796,1,2020,1,14
489,4,2019,11,12
632,8,2020,5,5
405,5,2019,6,2
510,5,2020,3,2
470,11,2019,7,9
610,7,2019,10,9
873,6,2019,9,11
283,1,2020,12,5
719,3,2019,7,27
100,9,2020,6,28
723,1,2020,2,6
502,7,2019,11,10
877,11,2019,6,21
628,6,2019,9,27
84,3,2019,6,1
345,8,2020,5,19
179,2,2019,4,8
791,6,2019,7,11
349,5,2019,11,8
549,9,2020,2,18
858,7,2020,1,10
119,9,2019,3,20
338,3,2020,11,6
207,6,2020,12,6
426,8,2020,5,12
229,9,2020,3,6
947,5,2019,4,24
602,2,2019,8,24
194,8,2020,2,12
913,7,2019,8,5
988,9,2019,12,27
554,9,2020,8,2
349,1,2020,11,9
280,10,2020,2,21
89,11,2020,8,24
954,11,2019,9,23
390,11,2019,3,17
897,7,2019,4,8
401,9,2019,12,21
789,6,2019,6,6
600,7,2019,1,8
176,3,2020,10,29
391,10,2020,10,27
119,6,2019,9,20
333,10,2020,10,14
877,6,2020,10,27
502,11,2019,1,30
465,12,2020,9,10
910,10,2020,7,24
215,9,2020,3,5
287,2,2019,1,9
538,11,2019,8,8
446,4,2020,12,3
179,1,2019,6,2
467,2,2019,6,29
971,3,2019,6,16
757,3,2020,11,15
831,4,2019,2,9
452,3,2020,3,16
528,1,2020,1,20
163,2,2019,10,12
783,6,2020,10,7
576,6,2020,3,8
212,8,2020,12,8
639,7,2019,7,22
227,11,2020,10,12
661,5,2020,10,5
603,8,2020,4,23
283,2,2020,9,7
806,6,2020,6,12
588,4,2019,8,20
568,9,2020,6,22
621,1,2019,12,9
727,11,2019,8,2
874,7,2020,9,20
955,2,2019,6,30
399,3,2020,11,7
302,10,2020,6,4
277,6,2019,5,2
855,4,2019,4,9
722,5,2020,2,1
577,2,2020,11,15
342,10,2019,3,14
340,11,2020,7,28
775,6,2020,12,21
721,7,2019,3,25
203,4,2019,4,15
186,11,2020,5,13
603,2,2020,2,21
355,8,2020,6,27
646,1,2019,10,20
683,7,2019,8,27
509,1,2020,3,9
541,3,2020,3,28
808,6,2019,2,21
975,2,2020,11,8
749,12,2020,5,14
506,4,2020,4,4
900,12,2019,2,23
525,7,2020,8,12
156,6,2020,11,14
706,10,2020,6,30
373,2,2020,9,9
699,11,2020,10,6
648,9,2019,7,9
621,5,2020,12,1
300,4,2020,6,6
184,10,2019,2,17
640,5,2019,4,10
465,4,2019,9,22
592,8,2019,2,16
769,6,2019,6,11
402,10,2020,4,14
822,1,2019,2,26
256,1,2019,8,29
391,8,2019,2,3
884,1,2020,12,9
122,4,2019,9,26
221,8,2019,6,14
910,9,2019,11,12
586,11,2019,5,4
984,6,2020,7,5
639,3,2020,10,26
152,5,2020,9,27
884,3,2020,2,1
897,6,2019,7,2
989,10,2020,9,5
248,4,2019,10,7
436,2,2020,10,28
534,8,2020,3,1
466,5,2019,3,9
349,9,2020,10,15
491,5,2020,6,14
610,7,2019,10,12
391,10,2019,1,16
215,10,2019,6,12
521,2,2020,12,29
655,7,2019,8,2
574,6,2019,6,30
655,10,2019,10,13
951,7,2020,4,3
460,10,2019,11,11
86,9,2019,8,21
453,6,2020,9,29
626,12,2020,8,7
562,9,2020,5,8
154,3,2020,3,23
651,6,2020,5,21
217,2,2019,9,28
630,3,2019,3,3
875,4,2020,7,1
685,2,2019,7,30
826,1,2019,9,13
788,11,2019,7,1
180,6,2019,3,6
487,1,2020,1,3
438,3,2020,9,9
367,2,2019,4,17
380,10,2019,4,6
295,9,2019,1,25
805,8,2020,5,28
361,2,2019,9,14
632,4,2019,2,2
206,5,2020,6,18
391,4,2019,9,29
376,8,2019,12,12
432,12,2019,7,15
604,2,2020,2,17
617,5,2019,8,27
758,8,2020,8,27
974,3,2020,8,23
224,5,2019,10,3
812,5,2019,2,11
923,11,2020,2,11
173,1,2020,6,23
264,7,2019,7,13
882,7,2019,12,16
446,2,2019,1,19
773,7,2019,7,10
429,9,2019,4,11
964,10,2020,5,22
526,8,2019,4,4
517,3,2020,2,6
227,12,2019,9,26
532,9,2020,12,27
354,7,2019,12,9
235,4,2019,11,16
225,10,2020,7,23
698,5,2019,11,28
581,4,2019,12,15
83,3,2020,12,23
927,5,2019,10,25
574,10,2020,8,10
771,2,2019,12,4
351,5,2020,2,19
433,3,2019,4,1
234,2,2019,4,4
883,5,2019,4,15
91,3,2020,5,25
279,1,2020,2,11
228,11,2020,8,3
797,5,2019,1,13
332,5,2020,7,23
239,10,2019,7,21
247,5,2019,12,19
941,7,2019,6,7
446,8,2019,5,15
215,7,2019,10,16
821,4,2020,9,29
151,6,2019,3,13
467,3,2020,6,12
729,5,2019,2,28
382,8,2020,11,24
921,10,2019,4,14
248,6,2019,7,8
456,5,2019,4,25
119,4,2020,12,24
795,8,2019,3,30
121,11,2019,3,9
748,9,2020,7,19
556,5,2019,11,30
117,11,2020,3,15
94,12,2019,9,21
786,3,2020,2,21
715,11,2020,1,29
299,8,2019,12,10
762,3,2019,9,12
291,8,2020,9,15
304,12,2020,6,1
600,6,2020,9,14
891,1,2019,1,18
904,5,2019,3,3
665,10,2019,1,14
376,4,2019,10,30
872,10,2019,1,13
217,11,2020,3,14
794,4,2019,3,27
117,3,2019,11,12
630,4,2020,3,21
511,12,2019,8,15
706,7,2020,5,7
86,5,2020,2,4
652,4,2020,3,23
105,11,2019,2,5
437,1,2019,11,11
97,12,2020,4,9
877,4,2019,5,13
727,3,2019,12,16
290,11,2019,11,2
381,11,2020,2,10
541,12,2020,12,9
548,7,2019,1,2
275,4,2020,9,13
698,2,2020,4,23
782,1,2020,5,3
246,5,2019,11,28
414,6,2019,2,13
324,1,2020,1,19
421,5,2019,12,13
885,3,2020,9,28
228,10,2020,9,15
522,12,2019,10,12
645,8,2020,10,28
322,7,2019,9,26
427,5,2019,3,26
419,7,2020,1,3
94,10,2019,8,24
222,9,2020,1,8
226,12,2019,8,26
854,2,2020,3,6
311,8,2020,4,26
572,1,2019,11,6
118,9,2020,6,25
277,6,2019,5,1
424,10,2020,3,16
736,3,2020,3,11
246,4,2020,10,14
403,7,2020,1,11
101,4,2020,7,3
564,8,2019,3,27
456,4,2019,9,29
513,1,2020,9,5
290,4,2020,1,21
352,12,2019,5,4
192,6,2019,1,6
939,12,2020,6,9
574,5,2019,11,20
137,1,2020,5,23
604,6,2020,10,9
984,3,2020,6,11
503,10,2019,8,14
854,8,2019,12,12
578,4,2020,1,7
307,5,2020,5,7
658,1,2019,7,10
863,1,2019,3,18
817,7,2019,5,10
943,4,2019,4,3
801,4,2019,3,24
998,10,2019,9,13
695,5,2020,2,10
907,1,2019,5,21
87,6,2020,7,23
898,8,2020,10,7
612,8,2019,3,3
446,4,2019,12,27
883,8,2019,12,27
795,5,2020,4,12
444,10,2019,4,21
592,11,2020,4,12
679,3,2020,2,19
287,3,2020,9,18
745,2,2020,1,12
337,4,2019,10,24
596,5,2019,10,1
426,7,2019,8,14
163,8,2020,12,24
251,10,2020,6,13
642,7,2020,7,22
453,9,2020,12,14
561,4,2019,10,5
488,11,2019,4,5
196,5,2020,3,10
146,3,2020,5,20
566,6,2019,10,19
833,11,2019,4,2
528,5,2020,3,11
608,10,2019,7,22
946,10,2020,8,17
438,1,2019,10,24
610,1,2019,1,2
928,5,2019,3,30
797,8,2020,9,7
83,1,2020,2,12
476,2,2020,3,30
571,12,2020,5,12
350,11,2019,5,19
170,9,2020,5,6
609,11,2019,12,3
437,4,2020,6,29
878,3,2020,11,26
497,3,2019,11,9
741,10,2019,6,26
519,5,2020,3,5
387,11,2019,10,18
324,6,2020,2,1
101,5,2020,9,14
666,11,2020,3,15
945,10,2020,10,22
560,4,2020,1,9
866,9,2020,6,20
181,2,2019,7,5
338,11,2020,11,23
91,8,2019,1,1
924,7,2020,12,23
386,2,2019,6,9
383,11,2020,5,12
582,1,2020,5,18
541,7,2020,11,21
633,8,2019,4,12
457,2,2019,4,22
118,1,2019,3,1
380,11,2019,7,22
161,6,2019,1,4
797,7,2020,12,12
639,9,2020,8,23
254,10,2019,2,6
616,7,2019,6,21
477,12,2019,2,10
494,3,2020,9,22
84,8,2019,9,26
261,8,2020,11,14
264,10,2019,1,15
364,2,2020,9,22
441,8,2019,3,27
433,1,2019,1,3
436,12,2019,10,7
855,7,2020,10,12
246,10,2019,5,23
313,9,2019,8,17
871,2,2019,2,6
352,8,2020,12,16
772,9,2020,9,16
557,1,2019,5,4
475,7,2019,8,3
315,4,2019,10,9
552,6,2019,4,19
467,8,2019,6,26
658,4,2020,8,14
853,2,2020,7,28
459,7,2020,4,27
427,12,2019,1,18
573,10,2019,4,30
227,9,2019,1,22
325,1,2019,12,11
580,2,2019,9,21
117,1,2020,11,14
664,9,2020,4,20
561,8,2019,11,27
934,10,2019,9,18
485,1,2019,6,12
939,11,2020,11,30
616,8,2020,12,4
964,5,2019,11,8
483,4,2020,1,10
181,12,2019,3,14
163,4,2020,12,30
223,3,2020,2,27
984,1,2020,2,25
902,5,2019,6,29
574,12,2020,5,27
843,4,2019,4,13
362,1,2019,6,23
673,12,2019,2,5
196,6,2019,1,1
406,6,2019,10,21
700,5,2020,5,10
933,11,2020,8,14
592,4,2020,1,22
697,10,2020,8,17
890,10,2019,3,22
329,1,2020,12,11
520,4,2020,7,2
365,7,2020,12,9
378,4,2019,9,3
842,5,2020,10,13
907,2,2019,5,22
540,12,2020,8,25
147,12,2019,4,22
616,4,2019,7,24
232,9,2019,8,15
860,5,2020,5,16
433,3,2020,6,14
948,9,2020,9,24
869,6,2020,9,5
668,4,2019,6,26
609,3,2020,7,22
567,7,2020,1,23
850,8,2019,6,9
951,3,2019,5,9
112,1,2020,3,19
173,11,2020,9,17
407,3,2019,11,2
157,6,2019,1,27
826,6,2019,1,28
271,6,2020,9,2
100,2,2019,8,16
501,9,2019,9,23
984,2,2019,9,17
516,4,2019,2,28
484,11,2020,5,7
442,7,2019,8,26
659,7,2019,8,13
340,4,2020,11,25
963,1,2019,2,3
728,7,2020,9,2
124,1,2020,4,11
882,9,2019,3,1
731,10,2019,8,21
978,8,2019,12,21
522,5,2019,4,18
613,1,2019,2,14
368,1,2019,10,29
291,8,2020,9,10
388,8,2019,8,2
593,1,2020,2,8
598,12,2019,2,13
359,3,2019,12,28
855,11,2020,10,8
398,7,2020,12,25
276,6,2019,2,24
993,7,2020,11,7
547,12,2019,1,3
954,4,2019,11,19
803,11,2020,7,20
897,4,2019,6,29
171,5,2019,1,14
140,2,2019,4,22
927,9,2019,11,16
451,3,2020,4,2
604,10,2019,10,8
252,7,2020,2,18
334,7,2020,3,22
582,11,2020,9,23
224,12,2020,5,8
375,10,2019,10,2
453,4,2019,4,15
694,5,2019,8,30
492,2,2019,11,8
726,7,2020,6,1
175,11,2019,7,29
727,11,2019,9,17
601,3,2020,12,10
784,9,2019,9,17
476,1,2020,7,1
332,6,2020,7,3
197,7,2019,9,16
163,10,2019,4,17
515,7,2020,5,29
925,11,2019,2,28
584,5,2019,1,12
427,9,2019,3,13
501,6,2020,9,25
317,7,2020,12,25
402,7,2020,5,14
82,6,2019,1,12
330,7,2020,11,1
671,11,2020,11,17
279,9,2019,7,8
173,7,2020,10,15
219,12,2020,3,24
510,10,2019,6,2
793,3,2020,4,22
349,4,2020,7,9
349,5,2020,8,25
795,5,2019,6,13
905,4,2020,9,8
909,7,2019,6,1
96,11,2019,11,23
898,9,2020,12,20
913,7,2019,3,28
761,5,2019,11,24
472,9,2019,5,10
852,3,2019,10,20
258,10,2020,7,25
455,10,2019,2,14
513,11,2020,7,17
120,8,2020,6,17
592,9,2020,11,12
988,6,2019,4,1
229,2,2019,2,13
332,9,2019,9,25
392,8,2019,3,3
426,1,2020,3,13
378,9,2020,2,19
290,10,2020,8,22
851,6,2019,6,7
368,2,2019,3,10
389,7,2019,10,20
316,7,2020,11,18
583,9,2020,4,17
487,11,2019,6,18
305,7,2020,12,16
513,1,2020,1,5
773,6,2020,8,23
811,7,2019,6,17
255,4,2019,9,19
534,12,2019,5,28
330,4,2019,12,11
934,8,2020,2,4
600,10,2019,1,23
422,2,2020,7,16
90,7,2020,7,13
88,10,2019,10,5
776,2,2019,11,24
352,6,2019,5,30
386,10,2020,3,23
557,11,2019,5,25
992,5,2019,9,12
976,11,2020,12,30
724,10,2019,7,17
874,1,2019,2,16
207,2,2019,1,23
788,6,2019,7,28
680,8,2020,12,7
339,11,2020,7,26
235,9,2020,5,4
988,1,2020,5,4
546,1,2020,4,15
316,8,2020,8,12
701,3,2019,11,4
883,8,2020,2,17
863,8,2020,6,17
710,1,2019,4,19
955,5,2019,2,29
769,2,2019,2,25
371,6,2019,8,11
723,9,2020,6,9
781,2,2019,3,27
722,12,2019,11,19
626,12,2020,5,16
683,3,2020,1,23
262,4,2020,9,17
559,11,2019,7,29
494,3,2020,11,13
762,7,2020,6,18
538,1,2019,6,1
622,9,2020,2,11
412,6,2019,12,7
620,7,2020,2,17
791,9,2020,10,13
944,7,2019,1,13
513,6,2020,3,14
732,2,2020,7,27
389,5,2019,5,8
881,6,2020,4,17
208,3,2020,8,26
181,4,2020,1,14
358,10,2020,11,21
442,10,2019,5,18
371,3,2020,10,3
380,10,2020,1,1
621,8,2020,1,26
513,12,2019,2,10
162,6,2019,6,21
755,10,2019,8,27
576,5,2019,6,28
723,7,2020,1,24
581,1,2020,7,3
938,6,2019,4,2
411,9,2020,2,19
887,9,2019,3,19
583,7,2019,5,10
466,8,2020,10,1
449,4,2019,11,8
526,2,2019,9,15
940,2,2019,1,2
529,4,2020,8,9
357,7,2020,9,25
915,10,2020,3,27
841,12,2019,12,13
487,8,2020,9,3
100,4,2019,5,11
592,8,2019,7,27
963,2,2020,6,23
450,10,2020,5,10
514,11,2019,1,23
318,1,2020,8,11
941,3,2019,7,25
311,4,2019,11,10
753,5,2020,5,10
910,4,2019,7,28
969,12,2020,5,20
510,11,2020,5,11
781,12,2020,6,23
314,9,2020,9,27
847,11,2020,6,12
120,10,2020,4,23
346,8,2019,2,12
925,3,2020,10,9
423,11,2020,12,18
785,1,2020,6,15
206,4,2019,7,25
119,10,2019,4,13
726,11,2020,12,18
528,1,2019,6,16
219,1,2020,6,12
800,5,2019,5,29
189,12,2020,6,25
847,3,2019,5,18
203,11,2019,5,3
308,5,2019,4,22
507,12,2020,9,22
946,7,2020,2,11
824,3,2020,8,25
471,10,2019,1,14
421,6,2019,5,4
915,5,2020,1,4
867,10,2019,8,7
795,10,2019,9,1
607,9,2020,9,3
270,2,2020,1,10
969,10,2020,8,17
846,6,2020,6,28
717,5,2019,11,8
408,4,2019,1,13
902,7,2020,9,24
381,1,2019,9,1
116,3,2019,9,13
894,1,2019,6,10
154,10,2019,4,23
503,7,2020,8,30
396,8,2019,7,7
456,1,2020,3,15
428,12,2020,3,30
626,12,2020,10,18
117,8,2020,6,11
220,9,2019,1,18
692,4,2019,5,22
500,1,2019,10,25
90,6,2020,7,11
961,3,2019,5,7
348,4,2020,7,21
439,5,2019,10,8
777,9,2020,11,30
545,6,2019,10,8
621,6,2019,3,12
298,3,2020,1,8
401,3,2019,7,2
429,4,2019,2,13
901,12,2019,10,29
986,8,2020,4,20
479,4,2020,11,17
951,9,2019,7,13
355,11,2020,7,27
753,7,2019,1,9
261,12,2019,8,20
277,11,2019,12,3
516,7,2019,5,27
441,11,2019,6,30
354,3,2019,5,23
337,8,2019,7,5
514,12,2020,12,29
493,6,2020,1,8
785,10,2019,11,12
637,5,2019,4,1
856,6,2019,7,12
169,12,2020,11,22
843,1,2020,9,17
832,9,2020,5,25
87,1,2019,5,6
307,2,2020,2,26
282,3,2020,4,25
805,7,2020,10,2
938,1,2019,7,30
136,11,2020,11,7
996,12,2019,12,25
844,5,2020,6,30
727,11,2019,1,23
736,7,2019,10,20
90,7,2019,1,24
174,10,2019,8,15
325,11,2020,9,28
226,6,2020,1,12
622,8,2020,3,22
831,10,2020,3,24
767,10,2020,5,3
431,10,2019,7,7
443,3,2020,8,29
887,11,2020,11,22
236,1,2019,3,23
464,7,2020,1,7
566,9,2020,7,27
790,7,2019,4,13
969,4,2019,9,17
370,2,2019,2,20
225,4,2020,3,3
170,12,2020,7,21
153,10,2019,5,23
751,7,2019,5,6
909,5,2019,11,4
745,11,2019,5,18
157,2,2019,5,26
981,2,2019,1,15
717,1,2019,12,24
339,7,2019,2,29
125,7,2020,12,25
748,5,2019,5,17
264,7,2020,7,11
764,1,2019,4,6
858,4,2019,4,27
755,4,2019,3,3
283,5,2019,11,6
106,10,2019,8,13
857,8,2019,9,14
158,5,2020,10,17
372,6,2020,4,26
731,12,2019,9,22
883,4,2020,12,20
854,3,2019,3,21
731,7,2019,1,18
449,6,2020,3,25
833,8,2020,2,13
377,12,2020,12,2
420,4,2020,4,11
628,9,2019,9,10
294,6,2019,10,24
661,2,2019,2,27
821,2,2020,8,6
877,9,2019,1,23
706,9,2019,11,27
962,2,2020,11,20
111,6,2020,3,21
402,12,2020,10,23
315,3,2020,3,20
207,11,2019,8,27
885,1,2020,4,21
801,1,2020,7,8
670,7,2020,3,20
302,3,2019,12,30
456,2,2019,6,16
772,5,2019,1,14
566,8,2019,9,8
93,9,2020,2,9
583,2,2019,8,30
882,10,2019,1,20
624,9,2020,1,3
978,5,2019,11,2
808,12,2019,4,17
955,4,2020,6,7
985,11,2019,11,29
658,12,2020,11,15
560,6,2019,5,15
92,6,2020,9,23
323,10,2019,5,23
891,7,2020,6,10
994,7,2019,4,10
234,12,2019,10,14
602,2,2020,1,7
542,12,2019,4,17
465,12,2019,2,30
850,8,2019,11,29
922,3,2019,3,15
930,5,2019,4,23
469,12,2020,3,28
682,7,2020,9,24
180,11,2019,5,30
742,5,2019,8,23
166,11,2019,4,15
329,2,2019,6,9
387,3,2020,3,2
576,1,2019,9,9
739,10,2020,8,19
327,1,2020,5,15
157,8,2020,1,6
772,5,2020,10,30
352,1,2019,12,25
642,4,2019,10,26
647,3,2019,10,11
426,1,2019,1,24
272,5,2020,7,29
915,11,2020,4,26
735,8,2020,1,16
91,3,2020,1,20
153,5,2020,1,5
214,12,2019,11,14
462,6,2020,8,8
934,3,2020,5,27
898,6,2020,8,8
396,1,2020,12,14
872,3,2019,10,20
99,1,2020,11,14
428,1,2020,5,23
339,7,2020,9,3
563,7,2020,6,11
609,2,2020,6,27
610,11,2020,7,11
839,5,2019,10,21
798,8,2019,3,24
616,12,2019,12,21
708,9,2020,2,7
335,7,2019,6,13
314,10,2020,7,21
372,3,2020,7,14
562,2,2020,12,7
269,7,2019,8,9
405,8,2020,4,14
564,9,2020,7,11
292,5,2020,10,20
838,4,2020,6,8
311,6,2020,9,14
957,1,2020,4,13
866,12,2019,7,2
119,8,2019,7,18
391,6,2019,12,10
401,4,2020,7,6
882,10,2020,12,17
259,8,2019,8,24
553,6,2019,8,28
757,4,2019,4,19
597,2,2019,5,16
193,10,2020,3,16
192,7,2019,11,12
796,3,2019,6,11
871,10,2020,7,18
705,1,2019,7,13
788,4,2019,3,25
779,10,2019,11,30
848,7,2020,7,24
619,7,2019,12,3
497,3,2020,4,12
207,8,2020,7,8
796,7,2019,9,2
914,7,2019,9,20
723,4,2019,6,16
970,9,2019,7,24
95,4,2020,10,9
88,12,2020,12,28
797,4,2020,8,30
264,1,2020,7,17
994,11,2020,2,13
500,11,2020,12,16
281,6,2019,7,10
534,6,2020,8,9
141,3,2019,1,27
206,11,2020,1,10
428,5,2020,4,13
348,4,2020,7,26
798,1,2020,6,23
818,4,2019,6,7
217,2,2020,7,6
187,9,2019,10,19
887,9,2020,1,22
726,10,2019,11,18
726,8,2020,1,7
479,9,2019,10,30
992,8,2019,2,16
885,4,2019,12,7
112,7,2020,6,29
336,2,2020,1,17
704,4,2019,10,29
466,12,2020,10,10
966,1,2020,10,17
623,6,2019,12,9
144,8,2019,2,9
630,6,2019,5,4
357,6,2019,7,2
792,5,2020,9,15
335,2,2019,11,3
769,8,2020,6,17
646,12,2019,6,12
587,5,2019,3,11
449,1,2020,8,27
392,6,2020,9,22
272,9,2020,5,21
512,8,2019,9,15
833,3,2019,4,24
452,4,2019,6,30
665,6,2019,7,21
972,4,2020,2,12
450,9,2020,2,9
312,8,2020,6,13
350,8,2020,6,7
322,5,2020,8,4
743,12,2020,11,5
720,7,2020,8,18
95,6,2020,5,6
798,6,2020,8,27
723,5,2020,2,12
944,11,2019,1,5
667,10,2019,3,5
347,1,2020,2,22
742,7,2020,3,14
400,6,2019,9,16
482,1,2020,1,23
616,12,2019,3,25
412,7,2019,5,27
815,1,2019,10,10
721,2,2019,6,12
759,11,2019,2,18
673,7,2020,7,11
300,11,2019,11,16
345,12,2020,1,13
824,11,2019,9,23
203,2,2020,5,26
977,2,2019,2,12
851,6,2019,4,29
286,5,2019,10,11
598,7,2019,11,8
199,11,2020,4,25
496,9,2019,5,9
639,7,2020,8,4
595,1,2019,4,25
679,5,2020,1,21
246,5,2019,2,9
979,9,2020,9,24
483,8,2020,11,3
968,7,2019,7,4
331,4,2020,6,6
903,1,2020,8,2
621,2,2020,11,30
956,11,2020,10,29
874,2,2020,7,8
902,4,2019,1,18
905,7,2019,4,8
189,4,2019,11,26
510,6,2020,5,6
319,8,2020,10,25
103,9,2019,8,1
370,2,2020,6,17
131,10,2020,5,6
815,10,2020,9,16
982,8,2020,12,9
698,4,2019,8,17
855,3,2020,6,26
83,8,2019,10,24
702,12,2019,10,25
398,4,2019,1,10
676,5,2019,6,18
689,1,2020,10,20
848,7,2019,6,14
175,6,2020,1,8
727,3,2020,11,23
435,10,2019,9,12
122,2,2019,7,28
313,12,2020,12,5
81,6,2019,9,12
858,4,2020,6,16
811,7,2020,1,6
96,5,2019,1,4
662,2,2020,3,12
643,12,2019,6,20
513,7,2020,4,30
148,12,2020,7,29
119,8,2020,3,7
210,2,2019,6,6
983,6,2019,7,8
359,3,2020,9,12
613,10,2020,11,26
440,11,2020,7,18
801,6,2020,1,26
232,2,2019,1,19
486,5,2019,7,16
183,10,2020,5,9
578,5,2019,12,13
837,11,2020,7,16
626,5,2020,3,28
89,9,2019,9,13
847,9,2020,6,28
460,12,2020,12,26
455,6,2020,3,23
395,10,2020,12,15
766,10,2019,3,7
559,11,2019,3,14
323,1,2019,9,17
876,4,2019,4,20
359,9,2020,4,5
440,9,2020,4,10
156,4,2019,7,5
951,8,2020,9,23
221,5,2019,1,17
939,3,2019,12,20
428,9,2019,8,21
761,6,2019,11,25
764,1,2020,10,9
837,5,2020,3,22
749,9,2020,5,13
992,9,2020,11,17
99,11,2019,9,19
636,5,2019,10,5
922,4,2019,11,20
701,7,2019,6,19
623,3,2019,6,1
850,10,2019,11,4
534,2,2019,6,25
832,10,2019,3,4
663,11,2019,9,10
695,3,2020,7,21
569,2,2019,8,2
479,9,2020,5,26
143,2,2020,8,13
219,4,2019,7,28
839,7,2020,11,24
543,1,2019,12,17
311,3,2019,10,9
793,5,2019,3,21
857,5,2020,10,7
128,8,2020,11,27
707,1,2020,12,8
736,6,2019,2,11
786,11,2020,12,14
466,4,2019,12,21
837,4,2020,11,20
861,1,2019,1,2
286,5,2020,4,16
304,2,2020,9,16
404,1,2019,3,21
122,5,2020,11,9
159,9,2020,9,9
838,1,2020,3,18
461,8,2020,8,7
494,7,2019,6,13
164,12,2019,1,7
832,11,2019,6,1
603,11,2019,11,23
410,8,2019,12,28
384,11,2020,4,14
882,4,2019,10,19
194,2,2019,4,14
553,8,2020,9,9
848,3,2019,12,9
952,7,2019,1,15
709,2,2020,7,13
970,7,2019,7,13
305,9,2019,8,17
445,8,2019,6,7
146,2,2020,2,1
513,2,2020,4,23
627,3,2020,9,19
938,5,2020,6,15
138,2,2019,10,24
358,7,2020,4,22
246,3,2020,6,6
715,9,2020,9,9
98,2,2020,3,13
261,5,2020,11,1
444,8,2020,3,18
470,3,2019,10,22
885,8,2019,5,24
207,11,2019,11,10
241,6,2020,10,2
309,8,2019,4,1
492,6,2019,8,26
411,12,2020,9,22
927,12,2019,4,28
150,1,2019,7,7
378,11,2020,9,13
898,6,2019,2,18
632,6,2019,11,22
429,5,2019,5,14
737,3,2020,12,2
697,12,2020,3,8
263,6,2020,12,19
393,4,2020,3,4
359,1,2019,3,15
406,11,2020,1,25
591,6,2019,9,9
296,3,2019,12,3
485,7,2020,3,23
745,3,2020,2,26
723,5,2019,4,14
745,5,2020,2,2
212,12,2019,3,2
687,10,2019,4,9
165,12,2020,4,27
630,7,2020,6,21
622,12,2019,12,1
189,9,2020,8,2
805,1,2020,6,3
616,3,2019,7,10
911,7,2020,11,12
910,2,2019,4,26
612,7,2020,8,6
843,11,2020,5,4
492,5,2020,8,21
359,1,2020,4,30
494,12,2020,1,24
937,1,2019,10,3
634,4,2020,10,4
715,3,2020,5,27
868,6,2020,9,16
245,6,2019,12,18
298,9,2020,10,7
138,9,2019,9,9
146,5,2020,4,7
794,12,2019,12,12
848,3,2020,6,10
868,1,2020,1,11
125,8,2019,9,3
886,2,2019,12,26
839,8,2020,4,18
153,3,2020,6,3
247,5,2019,12,29
939,3,2019,6,20
468,10,2019,10,20
643,3,2019,11,16
240,11,2020,11,19
334,5,2019,8,15
690,2,2019,5,20
648,4,2020,9,25
152,4,2019,3,20
778,10,2019,3,17
232,3,2019,5,11
797,3,2019,10,1
915,9,2019,5,29
736,4,2020,6,28
549,10,2019,9,3
475,9,2020,8,8
617,4,2020,2,29
839,3,2020,7,29
479,12,2020,1,14
764,3,2020,2,7
869,6,2019,7,17
426,12,2019,11,1
80,7,2019,5,21
926,7,2019,9,29
98,2,2019,6,24
607,12,2019,7,12
834,2,2019,10,14
961,1,2020,3,11
832,6,2020,12,30
808,3,2020,6,18
277,7,2019,9,5
695,5,2020,12,26
472,12,2019,2,27
743,10,2020,10,20
346,1,2020,12,27
219,5,2019,8,3
526,5,2019,10,13
612,9,2019,2,16
218,11,2020,4,8
849,4,2020,2,11
328,8,2020,8,11
661,1,2020,11,19
475,3,2019,9,24
699,7,2019,3,10
408,12,2019,12,29
98,10,2019,2,18
463,5,2020,11,9
952,7,2020,5,25
983,8,2019,5,5
930,11,2020,9,20
682,5,2019,5,27
728,4,2019,10,1
720,10,2019,9,24
735,3,2019,7,27
536,10,2020,6,16
939,6,2020,9,18
420,7,2020,2,23
217,12,2019,6,21
986,2,2020,10,7
839,12,2020,7,28
164,2,2020,4,7
310,5,2019,4,12
606,6,2019,2,3
726,6,2020,2,30
451,3,2019,4,2
441,5,2020,6,1
485,11,2020,3,23
426,2,2020,3,13
572,6,2019,11,10
919,11,2020,5,8
541,3,2019,5,4
185,8,2020,2,19
250,12,2020,8,27
998,1,2020,10,8
155,11,2020,3,1
472,5,2020,5,16
446,4,2020,8,18
559,10,2020,10,28
826,1,2020,11,11
493,3,2019,12,12
261,4,2020,10,7
946,7,2019,2,10
656,8,2020,4,19
825,7,2020,7,18
467,6,2020,11,6
107,11,2020,11,10
179,11,2019,6,4
437,5,2019,1,3
676,10,2020,5,21
711,7,2020,7,28
194,4,2019,12,30
681,2,2020,10,26
716,6,2019,7,12
319,12,2020,1,13
753,10,2020,11,25
97,12,2020,10,30
281,1,2019,10,12
374,9,2020,3,22
505,8,2020,7,11
551,2,2019,2,20
267,8,2020,7,7
853,1,2019,2,23
609,6,2019,2,5
811,6,2019,6,12
263,9,2020,4,22
861,11,2020,7,14
110,8,2020,4,3
926,6,2020,9,20
162,6,2020,8,1
661,4,2020,5,9
205,5,2020,3,26
542,3,2020,2,28
256,12,2019,4,26
892,10,2020,12,24
844,6,2019,7,5
165,3,2020,8,1
294,12,2019,7,28
338,9,2019,9,2
746,10,2019,6,20
605,6,2020,5,19
664,1,2020,8,4
252,10,2020,6,25
454,7,2020,3,4
570,4,2020,11,3
951,10,2020,9,29
415,1,2020,10,27
730,3,2020,11,13
442,4,2020,11,11
110,2,2020,7,17
764,1,2020,7,19
984,5,2020,4,14
645,2,2020,9,11
723,10,2020,7,19
95,1,2020,7,25
615,2,2019,10,3
709,1,2019,2,20
593,1,2020,6,12
257,8,2019,2,8
91,8,2019,4,4
291,11,2020,1,21
231,9,2019,6,4
727,3,2019,4,6
763,9,2019,1,15
411,2,2019,3,13
756,7,2020,8,19
608,8,2020,4,17
853,11,2019,3,27
340,7,2019,12,21
129,2,2019,4,25
278,10,2019,6,12
462,9,2020,12,17
626,6,2020,3,1
439,2,2019,3,13
685,7,2019,7,8
615,5,2020,6,20
256,1,2020,7,5
816,10,2020,6,26
478,8,2019,1,8
624,5,2020,2,13
629,7,2019,11,25
350,7,2019,9,28
276,4,2020,1,14
115,8,2020,10,5
771,9,2020,4,24
393,11,2019,4,11
200,11,2019,3,23
162,3,2019,11,6
246,9,2020,12,24
805,3,2019,7,6
328,6,2020,11,5
275,5,2020,1,16
902,4,2019,12,9
335,3,2020,1,14
825,7,2020,4,15
441,8,2020,4,7
618,4,2020,11,8
742,6,2020,1,29
925,11,2020,12,10
678,3,2019,5,7
386,3,2020,5,25
185,11,2019,10,24
283,8,2020,4,27
416,9,2019,4,13
705,8,2020,7,12
902,10,2019,9,25
191,1,2019,11,27
94,11,2019,1,17
957,6,2019,3,1
285,5,2020,12,18
806,6,2020,3,20
688,4,2019,10,12
340,4,2019,2,6
89,6,2019,9,28
431,1,2020,8,29
544,12,2020,7,20
564,11,2020,7,15
949,3,2020,7,18
157,6,2020,9,26
208,4,2020,11,22
693,1,2020,4,8
124,9,2019,2,18
167,9,2020,5,21
616,3,2019,4,12
872,1,2020,10,24
964,10,2020,2,12
801,2,2019,5,12
825,4,2019,12,9
884,8,2019,7,17
1000,11,2020,6,25
330,2,2020,11,26
311,12,2019,2,30
979,4,2019,8,5
344,12,2020,5,30
811,4,2019,9,29
993,7,2019,5,22
159,11,2019,10,28
342,4,2020,4,2
105,10,2019,7,15
475,8,2020,5,15
508,3,2019,5,17
364,8,2020,3,14
764,2,2020,11,26
273,12,2020,8,12
280,11,2020,8,27
329,12,2019,8,3
739,4,2020,1,28
255,6,2019,2,13
241,8,2019,2,27
976,2,2019,2,13
186,1,2019,5,15
332,7,2020,7,23
130,9,2020,3,30
614,4,2020,3,9
739,10,2019,4,15
537,4,2019,6,25
924,3,2019,12,2
583,2,2019,9,18
647,2,2019,7,18
563,1,2020,6,30
290,12,2019,4,30
439,4,2020,6,5
992,6,2020,3,14
687,4,2019,11,16
416,8,2020,12,10
424,2,2020,6,4
91,9,2020,3,22
538,3,2019,11,25
625,8,2020,10,21
270,3,2020,8,25
328,3,2019,11,19
455,9,2019,7,30
548,1,2019,3,30
108,11,2019,3,30
662,4,2019,8,17
363,5,2019,3,21
888,3,2019,7,23
560,5,2020,11,25
235,9,2020,9,25
442,9,2020,8,27
653,4,2020,4,22
900,10,2020,1,14
870,6,2019,2,13
372,10,2019,9,11
160,4,2020,6,23
762,5,2020,2,15
87,4,2020,2,23
232,10,2019,9,12
775,5,2019,3,24
786,1,2020,4,19
596,10,2020,5,18
189,2,2019,6,5
233,11,2020,6,19
567,11,2020,11,27
562,8,2020,5,16
80,10,2019,1,7
699,8,2020,5,4
459,2,2019,12,1
443,10,2020,11,21
130,11,2020,8,1
162,11,2019,2,13
253,12,2020,5,10
775,6,2020,10,17
150,1,2020,7,22
895,10,2020,6,29
802,9,2019,7,5
174,3,2020,10,9
800,5,2019,8,23
225,1,2020,2,11
412,5,2020,11,23
270,5,2019,6,1
93,11,2020,2,3
512,10,2019,11,16
976,7,2020,7,14
981,2,2019,2,30
234,10,2019,9,27
965,2,2019,11,25
707,3,2020,3,30
407,3,2020,6,7
96,3,2020,1,6
154,3,2019,8,8
472,8,2019,10,19
327,8,2019,12,22
776,9,2020,4,30
447,6,2020,4,19
577,5,2019,5,28
712,7,2020,7,1
775,8,2020,7,10
756,6,2020,7,30
816,12,2019,1,5
337,7,2019,8,7
118,3,2020,5,5
539,5,2019,10,11
760,10,2019,11,21
558,12,2020,3,18
352,6,2020,3,21
864,2,2019,6,8
355,1,2019,4,23
483,11,2019,3,16
464,10,2020,8,1
208,4,2020,7,3
210,3,2020,9,17
648,7,2020,6,17
325,7,2019,1,18
179,1,2020,8,29
381,8,2020,4,20
900,12,2020,10,17
392,10,2020,2,19
89,8,2020,5,12
166,4,2019,11,20
942,10,2019,2,3
500,1,2020,5,23
718,3,2019,1,22
708,7,2020,2,15
524,7,2019,7,1
940,8,2019,8,14
147,10,2020,5,4
611,2,2019,10,4
281,12,2019,2,6
193,9,2020,5,4
952,4,2020,5,11
419,1,2020,4,1
185,9,2019,3,28
842,10,2019,7,19
956,3,2019,8,2
979,2,2019,4,17
442,8,2019,7,8
742,6,2019,3,3
649,12,2020,4,10
908,3,2020,9,25
831,6,2020,8,3
770,6,2019,2,28
489,2,2020,3,9
765,1,2019,9,21
243,10,2020,12,13
88,8,2019,12,3
373,3,2019,4,24
383,5,2020,2,17
849,10,2020,5,1
137,12,2019,2,10
528,11,2019,5,27
917,8,2020,10,20
845,1,2020,7,7
86,5,2019,8,2
741,8,2020,8,20
842,9,2020,2,7
257,5,2019,1,23
771,4,2019,12,5
666,1,2019,7,27
364,6,2020,4,1
141,9,2019,10,27
152,1,2019,7,3
788,8,2020,2,22
436,12,2019,6,22
450,5,2019,8,1
760,1,2019,10,13
513,9,2020,8,1
167,6,2020,2,6
834,3,2020,11,12
624,5,2019,2,17
378,9,2019,11,29
709,10,2020,4,27
974,2,2020,6,5
856,7,2019,8,13
269,2,2019,5,8
576,9,2019,1,24
206,11,2019,1,27
139,9,2020,8,8
717,6,2020,12,6
137,5,2019,1,22
683,3,2019,6,21
225,6,2020,3,2
409,11,2020,12,18
180,11,2020,12,4
832,5,2019,6,11
718,3,2020,4,18
655,12,2019,2,22
282,12,2019,8,19
229,4,2020,10,13
504,5,2019,12,6
578,6,2020,10,12
675,12,2020,5,29
642,10,2019,1,2
505,6,2020,2,29
419,8,2019,5,26
253,3,2020,8,21
205,5,2019,3,1
226,7,2019,2,15
365,9,2019,11,9
951,9,2019,6,11
528,7,2020,9,12
475,9,2020,12,26
220,4,2020,4,17
324,9,2020,3,3
555,12,2020,5,12
510,3,2019,3,18
451,2,2019,3,26
865,2,2020,6,3
932,11,2019,9,30
340,2,2019,6,21
735,9,2020,9,4
862,7,2019,7,28
80,2,2020,4,25
286,7,2020,10,3
311,12,2019,10,23
111,7,2019,12,3
469,8,2020,4,26
411,9,2019,1,2
621,8,2020,4,30
332,5,2019,6,17
680,4,2020,9,8
999,1,2020,2,10
402,12,2020,1,13
454,9,2019,10,19
666,2,2019,10,30
400,6,2019,7,23
557,8,2020,8,29
566,9,2019,7,16
651,5,2019,11,10
347,11,2020,4,16
471,8,2019,1,29
573,12,2019,3,15
275,4,2020,6,15
810,9,2020,5,1
718,5,2020,7,7
605,11,2020,6,17
908,10,2019,10,27
974,6,2020,7,26
550,3,2020,7,27
651,7,2020,8,20
267,2,2020,7,8
128,6,2020,1,3
879,12,2020,11,16
678,6,2019,11,9
326,6,2019,8,10
371,10,2020,4,21
577,2,2019,4,1
97,9,2020,6,1
672,9,2020,11,6
942,2,2019,7,21
349,7,2019,7,5
797,5,2019,1,30
983,1,2019,12,12
182,3,2019,2,22
442,6,2020,1,20
909,11,2020,7,18
233,1,2019,5,17
724,6,2019,9,13
348,1,2019,1,7
252,6,2019,8,29
469,2,2019,12,15
967,8,2019,7,11
87,5,2019,1,27
375,3,2020,7,3
464,2,2019,8,27
358,3,2019,4,12
413,7,2019,12,3
846,11,2020,7,16
907,4,2019,5,14
559,5,2020,10,1
217,2,2020,2,14
395,8,2020,5,2
941,5,2019,12,2
509,1,2019,6,13
100,9,2019,9,15
687,7,2019,8,16
650,2,2019,9,9
645,3,2020,9,9
843,5,2020,11,10
755,9,2019,2,15
507,10,2019,12,21
479,3,2020,7,27
579,12,2019,4,21
233,8,2019,7,18
182,7,2019,3,14
524,3,2019,10,18
398,10,2020,1,10
742,9,2019,11,3
937,7,2020,5,15
280,3,2019,2,21
322,4,2020,12,6
318,11,2019,8,11
730,4,2019,12,16
401,3,2019,8,1
242,2,2020,11,6
930,7,2019,11,21
183,5,2019,4,9
857,8,2019,6,5
205,5,2019,8,24
391,2,2020,12,26
627,11,2020,1,27
776,3,2020,3,29
924,10,2020,4,10
888,10,2019,7,6
726,10,2019,11,12
421,1,2019,1,2
770,7,2020,1,13
205,4,2020,2,25
878,10,2020,9,11
411,3,2019,2,2
563,5,2020,1,14
519,9,2020,7,25
180,4,2020,5,11
748,3,2020,11,1
686,8,2019,3,5
166,7,2019,3,15
143,7,2019,5,10
813,1,2020,7,5
243,12,2019,5,12
428,9,2020,8,25
114,7,2020,8,21
689,9,2019,9,12
681,10,2020,12,4
707,12,2019,11,20
449,12,2020,7,1
325,3,2020,6,15
731,7,2020,8,9
809,10,2019,1,7
380,10,2020,10,23
202,8,2019,4,23
602,6,2020,11,28
760,3,2020,8,15
830,7,2020,6,12
603,2,2020,1,20
579,5,2020,4,24
849,1,2020,3,13
295,11,2019,12,25
636,3,2019,6,18
580,11,2019,10,7
604,2,2019,7,26
722,10,2020,4,16
654,4,2019,5,2
504,2,2019,2,6
193,2,2019,9,24
981,12,2020,4,30
893,1,2020,7,9
164,9,2020,11,13
139,7,2019,11,14
792,11,2019,7,13
372,5,2019,3,24
339,4,2020,12,7
454,8,2019,2,16
959,6,2020,2,19
495,8,2019,11,7
164,8,2020,3,28
772,6,2020,2,11
476,10,2020,3,7
989,4,2019,3,1
334,3,2020,7,27
716,11,2019,1,23
756,3,2019,7,9
762,5,2019,8,27
476,3,2019,5,29
422,7,2020,9,16
190,2,2019,11,21
311,9,2020,12,7
720,5,2020,3,22
256,11,2019,2,8
971,3,2019,7,17
223,2,2019,11,4
605,11,2019,4,26
298,6,2020,1,5
805,7,2020,8,15
185,4,2019,7,9
983,9,2020,4,11
186,2,2020,2,5
861,7,2019,4,1
678,5,2020,4,1
704,7,2019,6,29
855,4,2020,6,6
512,12,2019,10,25
785,4,2019,9,22
149,2,2019,8,29
364,4,2019,8,17
539,5,2020,7,12
503,11,2019,4,28
171,7,2020,6,13
868,5,2019,2,18
601,1,2020,4,2
844,5,2019,8,1
394,11,2019,2,1
771,4,2019,10,16
847,5,2020,11,26
732,12,2019,12,19
963,6,2019,8,29
303,9,2019,10,12
813,1,2020,4,30
654,2,2019,11,21
288,4,2020,2,6
434,11,2019,6,1
539,2,2020,10,25
118,3,2020,9,7
425,3,2019,8,5
518,8,2020,6,12
473,1,2019,7,11
303,1,2019,10,27
295,11,2020,1,30
326,5,2019,12,9
645,3,2020,6,5
599,11,2019,5,21
145,1,2020,9,5
580,5,2019,11,24
637,4,2019,11,17
825,3,2019,7,8
434,3,2020,10,19
351,2,2020,1,21
482,5,2019,12,22
723,12,2020,5,30
363,8,2019,6,29
972,11,2019,6,12
605,11,2020,2,19
828,1,2019,8,9
160,3,2019,8,8
169,10,2020,10,13
887,10,2020,6,7
506,5,2020,6,3
103,11,2020,2,8
1000,2,2019,7,17
931,6,2019,10,30
324,12,2019,7,25
405,11,2020,7,24
425,7,2020,7,17
848,4,2019,5,25
577,11,2019,3,9
966,2,2020,10,19
623,4,2019,6,6
101,10,2020,4,29
577,1,2020,6,4
249,11,2020,5,28
990,11,2020,5,30
584,1,2019,7,3
1000,8,2019,9,9
769,2,2020,11,22
655,9,2020,2,17
887,11,2020,5,4
111,9,2020,9,25
932,8,2020,12,5
895,11,2020,5,6
292,10,2019,6,14
429,10,2019,1,17
218,8,2019,8,8
735,5,2019,11,11
605,8,2019,3,7
992,6,2019,12,4
342,4,2019,3,28
472,7,2020,10,27
518,5,2020,6,20
907,12,2020,8,29
363,11,2019,8,11
838,7,2020,9,29
414,4,2019,1,11
497,5,2020,3,4
927,3,2020,11,24
296,4,2020,12,28
105,1,2020,9,10
657,3,2020,8,27
245,8,2020,7,12
458,7,2020,6,14
859,5,2020,2,25
698,3,2020,6,10
304,3,2019,11,6
652,3,2020,1,8
228,3,2019,8,24
520,7,2020,5,14
92,1,2019,7,20
363,7,2019,3,6
559,1,2020,1,15
766,3,2020,1,24
431,4,2019,4,26
147,9,2020,2,7
776,7,2020,5,8
825,4,2019,4,4
317,10,2020,5,25
856,1,2019,3,7
665,10,2019,5,9
880,7,2020,4,27
618,8,2019,1,19
883,12,2020,2,3
391,2,2019,8,6
430,3,2019,2,4
197,8,2020,7,3
853,5,2019,8,30
573,2,2020,8,16
983,7,2020,7,19
487,6,2020,7,25
969,3,2020,3,30
135,7,2019,8,28
412,6,2020,9,12
114,11,2019,7,29
358,1,2020,11,8
134,11,2019,9,12
356,11,2020,12,16
258,9,2019,2,23
159,7,2020,5,17
128,5,2020,7,3
325,11,2020,8,10
239,6,2019,4,22
984,11,2019,4,15
800,6,2019,8,23
284,2,2020,8,20
683,1,2019,4,17
507,1,2019,12,27
103,10,2020,10,1
583,10,2019,2,5
163,10,2020,9,8
482,8,2020,5,3
645,1,2020,9,4
145,12,2019,1,5
148,7,2020,11,15
376,10,2020,8,14
627,7,2019,12,13
155,9,2019,4,5
689,7,2019,2,1
315,7,2020,10,4
723,9,2020,3,17
913,10,2019,12,12
796,4,2020,12,29
579,10,2020,9,28
683,11,2019,3,22
153,3,2019,3,29
654,5,2020,5,18
944,12,2020,10,5
941,10,2019,12,29
919,2,2020,9,18
710,11,2020,3,13
350,4,2019,10,29
823,1,2019,8,30
310,7,2020,2,17
81,7,2019,9,15
608,8,2020,1,3
529,2,2020,9,19
378,6,2019,12,6
786,2,2020,5,1
429,5,2020,9,23
794,6,2019,9,27
935,5,2019,2,17
223,4,2020,12,13
415,2,2019,7,28
282,7,2019,9,23
88,11,2020,2,26
735,11,2020,8,17
551,5,2020,2,11
532,7,2020,4,3
320,1,2019,12,16
357,4,2019,7,20
269,9,2020,9,5
523,11,2020,8,5
738,11,2019,2,12
91,6,2019,9,20
405,1,2019,9,1
976,6,2019,11,4
818,8,2019,1,27
908,11,2020,6,8
502,3,2020,9,9
676,10,2020,3,11
223,2,2020,5,4
585,11,2020,12,8
657,9,2019,5,29
230,7,2019,2,12
955,6,2019,12,22
998,4,2020,7,22
374,10,2019,9,8
490,3,2019,8,24
740,9,2020,5,27
696,2,2019,5,9
198,1,2020,9,14
536,2,2020,7,20
366,5,2020,12,20
598,3,2019,7,15
108,7,2019,4,21
337,9,2020,10,21
671,2,2020,12,30
176,10,2019,7,21
611,10,2020,2,30
117,4,2019,9,9
724,2,2020,1,13
966,6,2019,12,15
774,5,2020,6,7
658,8,2020,11,25
979,9,2019,10,6
373,11,2020,6,2
952,2,2020,10,25
116,12,2020,4,18
241,8,2020,7,17
703,11,2019,11,15
894,6,2020,4,6
999,5,2020,2,2
136,7,2019,12,1
259,7,2019,8,27
533,10,2020,9,16
892,10,2019,6,11
486,1,2019,3,7
317,3,2019,9,12
914,5,2019,5,19
450,10,2020,7,21
583,5,2019,10,3
631,2,2020,1,14
664,4,2020,2,9
150,11,2019,12,12
777,4,2019,5,6
760,2,2020,3,12
619,4,2019,11,1
491,3,2020,1,13
770,5,2020,12,1
354,10,2020,2,22
572,12,2019,2,29
616,12,2020,7,27
488,11,2019,1,9
987,11,2020,10,25
593,12,2019,2,1
520,11,2020,12,8
322,9,2019,11,18
921,4,2020,7,15
181,8,2020,9,26
236,8,2019,7,25
782,11,2019,5,30
728,8,2020,1,17
95,2,2019,11,19
741,2,2019,1,5
157,2,2020,11,7
684,9,2019,11,21
923,2,2019,2,11
613,11,2019,12,30
298,1,2019,4,18
248,7,2020,3,10
791,11,2020,8,11
871,5,2020,9,25
756,1,2019,10,29
302,10,2020,12,1
380,12,2020,10,29
416,8,2019,4,28
726,7,2020,4,12
547,12,2020,9,11
694,8,2020,1,16
313,5,2020,12,26
381,4,2019,7,21
583,6,2019,12,25
673,12,2019,9,21
963,7,2019,6,2
499,10,2020,7,8
874,2,2020,8,1
866,7,2019,6,30
815,8,2020,5,10
550,2,2019,8,2
851,3,2020,7,27
673,11,2020,4,30
746,12,2020,1,1
947,2,2020,12,16
962,7,2020,3,18
922,1,2019,4,8
970,12,2020,6,17
672,12,2019,9,3
444,11,2019,12,4
688,9,2020,1,26
985,8,2020,2,16
437,6,2020,1,27
511,4,2020,1,27
564,8,2020,1,10
907,4,2019,3,11
941,10,2019,3,28
559,12,2020,5,1
638,9,2020,2,27
661,11,2020,11,14
602,10,2019,12,10
712,5,2019,8,18
347,8,2019,1,9
879,5,2020,9,30
88,11,2019,5,2
632,8,2020,5,23
661,1,2019,8,28
669,4,2020,2,3
966,8,2020,4,30
266,8,2020,10,29
879,8,2020,4,11
836,10,2020,9,5
536,5,2019,1,1
741,6,2019,5,19
716,10,2020,3,2
483,5,2019,10,28
216,7,2020,3,2
666,9,2019,8,3
655,1,2020,9,4
757,11,2019,6,29
230,10,2019,12,20
85,2,2019,7,7
801,7,2020,6,21
525,4,2019,4,23
486,1,2019,1,4
767,8,2019,11,30
337,10,2020,3,14
93,3,2019,8,16
120,3,2020,5,19
253,11,2020,5,20
752,7,2020,5,2
188,2,2020,2,17
135,4,2019,4,30
411,12,2020,9,3
172,2,2019,7,16
445,12,2020,7,10
754,5,2019,8,19
152,3,2019,10,9
572,6,2020,3,27
829,11,2019,6,17
243,6,2020,11,23
847,2,2019,5,26
913,4,2020,7,23
728,10,2019,11,3
623,7,2019,10,3
711,6,2020,12,23
794,7,2019,12,28
169,4,2020,5,2
154,6,2019,4,30
934,3,2020,12,12
672,12,2019,12,14
588,8,2019,1,13
250,11,2019,3,18
778,10,2020,4,10
463,5,2019,7,29
796,5,2019,11,7
497,3,2020,5,29
211,1,2019,2,4
905,4,2020,11,9
305,2,2019,5,13
209,2,2020,6,11
381,2,2019,11,9
772,5,2020,11,23
861,7,2020,11,5
391,7,2020,10,6
308,2,2019,2,7
777,7,2019,3,28
792,6,2020,11,8
928,7,2019,6,18
951,11,2020,9,6
713,12,2020,5,8
527,9,2020,9,12
764,9,2020,7,13
405,11,2020,8,6
854,3,2020,8,14
253,8,2019,4,30
584,11,2019,4,12
858,9,2020,5,17
403,1,2019,11,6
782,9,2020,10,17
670,1,2019,8,8
914,10,2020,3,4
238,4,2020,11,16
447,8,2020,3,11
311,5,2020,5,16
489,7,2019,8,27
827,11,2019,12,29
333,1,2019,10,9
425,7,2020,7,29
354,5,2019,10,18
544,1,2019,12,29
713,4,2020,9,11
623,2,2019,9,30
962,5,2019,12,14
261,6,2019,12,13
101,1,2020,5,15
326,8,2019,1,8
538,7,2020,11,28
295,10,2020,12,5
867,10,2020,9,3
184,9,2019,1,6
270,8,2019,4,14
549,7,2019,12,8
797,9,2020,4,16
625,2,2019,11,3
801,7,2020,7,12
462,5,2019,8,28
930,11,2019,8,2
96,1,2019,3,19
733,1,2020,9,26
944,11,2019,10,1
355,8,2019,6,14
942,2,2020,4,3
909,12,2019,8,30
144,12,2020,10,29
207,12,2019,1,30
570,8,2020,4,25
123,1,2019,12,11
254,3,2019,5,26
857,11,2020,12,7
410,9,2020,10,13
157,1,2019,4,27
729,9,2020,1,8
544,2,2019,8,28
607,3,2019,8,28
412,10,2019,3,14
876,4,2020,5,19
616,5,2020,3,21
171,12,2019,7,7
586,3,2020,12,7
649,4,2020,9,29
604,2,2020,3,1
917,11,2020,12,21
644,5,2020,4,21
594,11,2019,12,22
915,10,2020,1,3
228,3,2020,9,12
401,8,2019,11,5
279,6,2020,8,10
976,10,2019,2,21
382,5,2020,3,8
423,10,2019,8,22
946,4,2019,1,25
795,1,2019,6,20
970,9,2020,12,16
719,11,2020,6,12
529,4,2019,7,4
925,6,2019,4,1
986,6,2019,11,26
601,3,2020,9,1
885,9,2019,5,29
673,3,2019,9,17
755,8,2019,4,5
334,5,2020,8,18
459,1,2019,1,24
98,12,2019,2,6
810,1,2019,4,28
310,12,2019,1,28
887,6,2020,2,3
440,3,2019,1,29
548,7,2019,2,30
925,11,2020,3,1
916,3,2020,10,11
331,3,2019,8,22
408,4,2020,8,3
582,11,2019,11,6
276,12,2020,8,3
548,8,2019,9,25
899,10,2019,7,15
954,12,2019,3,11
494,7,2019,12,16
131,6,2020,11,18
433,6,2019,10,20
576,6,2020,1,14
198,4,2019,7,23
788,1,2019,12,21
292,4,2020,7,15
661,12,2020,2,5
609,5,2019,8,27
394,3,2019,9,3
334,11,2019,1,23
825,1,2019,12,10
930,10,2019,1,8
968,2,2020,5,28
580,3,2019,2,21
213,7,2019,12,30
253,9,2020,5,3
865,5,2020,10,2
154,10,2020,5,30
477,4,2019,7,30
567,2,2020,10,24
802,2,2019,2,26
850,11,2019,2,8
741,11,2019,11,7
833,9,2020,1,4
327,1,2019,11,11
402,2,2019,2,20
791,8,2019,8,13
944,10,2019,5,5
106,9,2019,7,10
832,6,2019,3,2
265,3,2019,4,3
343,8,2019,12,11
398,1,2019,10,23
847,1,2019,5,2
308,10,2019,9,10
134,4,2019,3,23
662,8,2020,9,29
323,3,2019,1,12
244,12,2019,9,11
421,2,2019,10,4
845,6,2019,1,24
871,7,2020,7,20
322,1,2020,2,7
947,1,2020,7,13
251,9,2019,6,3
405,5,2019,12,20
460,11,2020,7,12
349,5,2019,10,9
92,5,2020,6,1
512,1,2020,7,12
843,6,2020,3,3
399,12,2019,8,30
743,1,2019,10,2
276,3,2019,1,20
844,6,2019,1,19
404,7,2019,11,1
445,3,2020,2,17
150,8,2019,12,29
343,9,2019,4,24
312,10,2019,5,25
413,8,2019,5,16
210,12,2019,9,25
695,11,2020,2,1
343,3,2020,1,6
124,11,2019,5,5
355,12,2020,11,14
699,9,2020,3,1
94,5,2020,11,8
909,4,2019,2,18
885,11,2019,3,13
568,4,2019,9,5
852,1,2019,5,21
361,12,2020,6,2
741,1,2020,4,12
133,11,2019,4,7
232,5,2019,5,21
940,5,2020,2,30
212,4,2020,9,13
718,10,2020,10,15
220,4,2019,6,24
122,10,2020,10,8
921,5,2020,12,3
679,10,2020,4,4
683,11,2020,2,19
841,1,2019,7,15
177,6,2019,9,15
348,12,2019,2,14
123,4,2020,6,26
220,6,2019,5,1
886,3,2019,3,28
381,3,2020,1,3
233,9,2019,3,26
712,9,2020,8,23
857,5,2019,5,24
939,12,2019,4,1
269,1,2020,9,15
848,12,2019,11,1
970,12,2020,12,2
160,6,2019,12,20
983,3,2020,9,11
81,6,2019,2,10
470,1,2020,1,24
147,1,2020,5,15
633,12,2020,5,15
811,11,2019,10,25
123,4,2020,8,9
366,1,2020,6,9
83,12,2020,8,28
698,3,2020,3,8
702,2,2019,7,10
430,12,2020,12,22
451,3,2019,2,29
111,3,2019,8,15
87,3,2020,7,15
321,7,2020,1,4
564,9,2020,5,5
180,11,2020,2,19
110,4,2019,10,27
857,12,2019,1,21
591,5,2020,3,19
505,9,2019,7,23
301,10,2020,5,18
127,11,2020,3,7
304,5,2019,7,12
760,10,2019,3,26
665,2,2020,7,9
116,11,2019,8,9
507,12,2020,9,2
894,5,2019,11,20
784,2,2019,8,20
274,4,2020,6,14
587,1,2020,5,24
487,4,2019,11,17
661,6,2020,11,17
887,2,2019,9,6
395,6,2020,2,8
463,8,2019,1,21
472,3,2020,1,2
782,3,2020,6,11
390,11,2020,2,1
151,9,2019,8,5
478,5,2020,11,30
459,2,2019,4,17
308,9,2020,4,29
268,3,2019,2,30
750,10,2020,2,13
678,6,2019,4,4
648,3,2020,11,13
126,6,2019,3,23
868,10,2020,9,3
514,9,2020,10,22
593,4,2020,10,13
183,7,2019,3,11
426,11,2019,11,28
114,3,2020,11,10
262,5,2020,1,20
826,2,2019,10,7
728,4,2020,1,14
713,12,2020,4,29
522,3,2019,4,13
348,11,2019,5,25
955,3,2019,6,1
527,8,2019,5,6
360,5,2019,6,4
867,7,2020,1,4
564,8,2020,8,18
648,12,2020,11,2
645,9,2020,10,21
901,8,2019,10,17
212,1,2020,1,25
294,3,2020,2,15
686,8,2020,2,17
920,5,2020,9,24
404,10,2019,3,17
876,3,2019,7,12
649,11,2019,5,19
900,7,2020,12,10
587,6,2020,4,9
259,10,2019,4,27
948,8,2020,1,11
860,10,2019,2,6
478,5,2020,3,10
792,11,2020,1,28
274,7,2019,1,2
181,6,2019,5,24
768,9,2019,6,23
740,11,2019,12,30
689,9,2019,9,25
858,3,2019,4,13
224,2,2019,8,21
395,9,2019,3,23
553,2,2019,9,13
85,1,2019,2,4
810,11,2019,11,6
925,3,2020,12,18
233,3,2020,3,3
549,10,2020,2,24
954,2,2019,6,2
707,8,2019,12,9
907,7,2019,4,26
652,1,2020,12,7
279,8,2019,6,29
555,2,2020,8,12
544,11,2020,1,28
810,6,2020,2,24
144,7,2020,3,15
144,9,2020,4,28
527,1,2020,11,28
449,12,2020,4,22
174,10,2019,9,18
164,9,2020,8,5
385,5,2020,9,19
124,11,2020,2,7
291,12,2019,8,26
168,10,2020,5,10
360,2,2019,5,17
712,11,2020,4,24
544,1,2019,7,13
592,10,2020,6,6
581,6,2020,6,18
169,7,2019,11,18
622,4,2019,8,16
392,12,2019,9,2
686,3,2020,11,25
423,8,2020,4,7
289,10,2020,10,24
509,4,2020,9,9
545,10,2020,1,18
621,9,2019,12,14
321,7,2020,5,16
645,11,2019,7,16
675,8,2019,12,7
883,6,2019,5,8
777,11,2019,4,12
574,1,2020,6,30
444,11,2019,2,13
191,3,2019,5,13
84,6,2020,12,17
176,1,2019,1,9
566,7,2020,6,6
247,10,2020,10,23
748,1,2019,10,18
788,8,2020,4,9
229,5,2020,4,13
758,4,2019,12,16
757,3,2019,3,11
440,5,2019,5,24
833,7,2019,12,30
99,8,2019,6,24
691,2,2020,7,3
476,4,2019,1,11
465,9,2019,7,26
463,10,2020,11,4
394,3,2019,4,14
722,2,2020,4,24
521,1,2020,5,6
597,11,2020,4,30
613,9,2020,2,26
186,3,2019,11,2
171,10,2020,2,17
839,6,2020,9,19
217,7,2019,7,8
97,4,2020,8,26
626,10,2019,10,20
95,2,2020,11,20
788,7,2019,4,13
584,1,2019,5,12
872,10,2020,10,15
849,7,2019,8,7
993,2,2019,3,13
718,9,2019,7,18
212,9,2020,9,20
855,4,2020,8,8
243,1,2020,5,28
219,9,2019,11,10
925,9,2020,4,20
624,9,2020,12,22
638,9,2020,7,15
901,4,2019,7,1
867,12,2020,12,12
284,8,2020,8,7
710,8,2019,6,22
83,3,2020,9,7
164,4,2019,6,17
419,1,2019,12,9
207,7,2020,12,10
492,12,2019,1,3
618,7,2020,12,20
710,10,2020,3,20
933,6,2019,10,19
758,7,2019,6,15
432,10,2019,8,1
382,10,2019,11,2
917,12,2019,7,28
623,3,2019,11,11
184,1,2020,3,18
328,9,2020,4,18
125,6,2020,8,8
519,1,2019,6,1
179,8,2019,9,22
348,7,2020,4,19
417,8,2020,12,12
373,2,2019,6,29
363,2,2020,5,29
274,4,2019,1,26
853,6,2020,8,17
938,1,2019,2,6
689,1,2019,5,3
522,6,2020,12,1
156,5,2019,5,9
980,4,2019,4,5
586,8,2019,7,25
499,6,2019,2,24
798,3,2020,12,26
162,8,2019,12,19
939,6,2019,12,23
848,12,2020,10,22
872,8,2020,2,16
820,11,2019,11,6
957,1,2019,8,6
80,7,2020,7,8
833,12,2020,4,19
833,9,2020,7,11
835,10,2019,8,8
664,2,2020,11,26
852,2,2019,1,6
385,3,2020,11,10
149,1,2020,7,8
626,7,2020,2,11
462,8,2020,2,16
152,8,2019,3,9
637,2,2019,6,30
169,12,2019,11,6
877,10,2020,11,12
528,8,2019,2,6
162,12,2019,8,9
332,11,2020,8,7
568,4,2020,7,19
764,1,2019,5,20
964,3,2020,5,17
187,5,2020,11,3
407,6,2020,1,17
114,4,2019,2,8
213,1,2019,4,15
264,10,2020,2,9
246,7,2019,11,26
717,12,2020,5,17
159,6,2020,3,12
823,9,2019,3,3
486,9,2020,4,30
418,11,2020,8,12
82,3,2019,7,16
348,1,2020,6,22
603,5,2019,8,3
436,3,2020,7,24